isin,ratio_salary,ratio_sti,ratio_lti,ratio_equity,ratio_variable,ratio_other,ratio_pension,vpi,ratio_stock_in_equity,ratio_option_in_equity,log_tc_pe,salary_bt_pe,one_year_bonus_bt_pe,multi_year_bonus_bt_pe,total_equity_grants_bt_pe,stock_grants_bt_pe,option_grants_bt_pe,other_annual_bt_pe,total_comp_bt_pe,one_time_payment_bt_pe,pension_bt_pe,total_comp_pens_and_one_time_bt_pe,n_executives_median,index_score,ever_opted_out,year_count,year_min,year_max,company_shortname,company_name,index_listing_last,data_confidence
DE 0008063306,0.474437148217636,0.4793621013133208,0.0,0.0,0.4793621013133208,0.04620075046904315,0.1376641651031895,1.0103806228373702,0.0,0.0,6.302618975744905,305.85714285714283,255.5,0.0,0.0,0.0,0.0,24.625,545.0,0.0,73.375,606.375,7.0,0.0,0,3,2006,2008,IKB,IKB Deutsche Industriebank AG,MDAX,low
DE0003304101,0.279394893907303,0.720605106092697,0.0,0.0,0.720605106092697,0.0,0.0,2.5834868934631663,0.0,0.0,7.432615701167146,424.75,1239.5,0.0,0.0,0.0,0.0,0.0,1692.75,0.0,0.0,1692.75,3.0,0.0,1,8,2006,2013,Gerry Weber,Gerry Weber International AG,MDAX,medium
DE0005085906,0.5964391691394659,0.34212695795548226,0.0,0.018136850783182192,0.3602638087386645,0.0403957131079967,0.0,0.6011004126547456,0.0,1.0,6.186620061882023,290.8,166.0,0.0,8.8,0.0,8.8,26.0,485.2,0.0,0.0,485.2,5.0,0.0,0,3,2006,2008,AWD,AWD Holding AG,MDAX,low
DE0005089031,0.640625,0.3273400473933649,0.0,0.0,0.3273400473933649,0.0234375,0.0,0.5129864253393666,0.0,0.0,6.087909801179577,290.0,135.0,0.0,0.0,0.0,0.0,10.0,443.5,0.0,0.0,473.5,2.0,0.0,0,4,2017,2021,United Internet,United Internet AG,MDAX,low
DE0005140008,0.527617714788384,0.0164000032339855,0.021881305376096664,0.3356214668608495,0.39326136851495225,0.05150653888743967,0.14092473544613196,0.7494505268304552,1.0,0.0,8.355316240414854,1683.452380952381,82.72115705128206,86.77560833333334,1510.849025974026,1510.849025974026,0.0,132.97422857142857,4252.472916666667,0.0,543.503125,5099.875089285714,9.0,1.0,0,16,2006,2021,Deutsche Bank,Deutsche Bank AG,DAX,high
DE0005156004,0.23122289410066083,0.21527128959603292,0.0,0.5477430421052571,0.7630143317012901,0.005762774198049112,0.0,3.31941693232424,0.5,0.5,6.910569424687562,235.95,259.675,0.0,537.565,284.44,253.125,5.325,1038.5149999999999,0.0,0.0,1038.5149999999999,4.5,0.0,0,2,2007,2008,Arques,Arques Industries AG,MDAX,very_low
DE0005158703,0.5043095543737393,0.2563600782778865,0.1674087266251113,0.0,0.48285347515129284,0.012466607301869992,0.0,0.9574545454545454,0.0,0.0,7.5058589108551885,1083.3333333333333,601.6666666666666,313.3333333333333,0.0,0.0,0.0,23.0,1817.6666666666667,0.0,0.0,1817.6666666666667,3.0,0.0,0,5,2017,2021,Bechtle,Bechtle AG,MDAX,low
DE0005168108,0.6225284601557819,0.3774715398442181,0.0,0.0,0.3774715398442181,0.0,0.05672268907563025,0.6063522617901829,0.0,0.0,6.033685562541945,259.75,157.5,0.0,0.0,0.0,0.0,0.0,416.25,0.0,21.5,437.75,4.0,0.0,1,5,2006,2010,Bauer,Bauer AG,MDAX,low
DE0005190003,0.21494213410607405,0.7567220321928598,0.0,0.02087606677388492,0.776893733420409,0.010109030147475617,0.07002621266953667,3.6158390665955102,1.0,0.0,8.070599542174156,819.9372222222222,1880.1742857142858,0.0,80.94582638888889,80.94582638888889,0.0,36.807833333333335,3250.583888888889,0.0,193.8041597222222,3428.6052222222224,8.0,1.0,0,16,2006,2021,BMW,BMW AG,DAX,high
DE0005194005,0.6026423241188341,0.29094292803970223,0.0,0.0,0.39735767588116583,0.0,0.07860031247128021,0.6645709100337049,0.0,0.0,6.795514037483338,536.9428571428572,235.71428571428572,0.0,0.0,0.0,0.0,0.0,892.8571428571429,0.0,73.53333333333333,1036.0,6.0,0.0,1,8,2006,2013,BayWa,BayWa AG,MDAX,medium
DE0005200000,0.3630098386616196,0.3390390463672272,0.2350498230740738,0.0,0.5740619866143016,0.04451063483995007,0.0,1.5148403802049755,0.0,0.0,7.10466616075767,461.3928571428571,422.66666666666663,277.8263333333333,0.0,0.0,0.0,52.833333333333336,1216.7829666666667,27.5,0.0,1418.4005857142856,7.0,1.0,0,16,2006,2021,Beiersdorf,Beiersdorf AG,DAX and MDAX,high
DE0005232805,1.0,0.0,0.0,0.0,0.0,0.0,0.0,0.0,0.0,0.0,7.340835554123275,1541.0,0.0,0.0,0.0,0.0,0.0,0.0,1541.0,0.0,0.0,1541.0,2.0,0.0,1,3,2011,2013,Bertrandt,Bertrandt AG,,low
DE0005313704,0.4111266620013996,0.3853905625166622,0.20075227431770468,0.0,0.569288189816049,0.019425062796539213,0.17845380965671226,1.3830310880829013,0.0,0.0,6.798777116412392,333.3333333333333,311.35,172.45,0.0,0.0,0.0,17.033333333333335,895.75,0.0,150.96666666666667,1055.6,3.0,0.0,0,5,2017,2021,Carl Zeiss Meditec,Carl Zeiss Meditec AG,MDAX,low
DE0005408116,0.48742406162893337,0.11558691407896203,0.08079707949790114,0.26522712614519384,0.49510332333674556,0.019149547577955804,0.27486494106747406,1.0175616395130738,1.0,0.0,7.439825189285379,734.4166666666667,229.81,163.901025,427.0,423.524,0.0,33.0593625,1702.2672000000002,0.0,395.3995,2030.2809333333335,5.0,0.0,1,14,2006,2019,Aareal Bank,Aareal Bank AG,MDAX,high
DE0005408884,0.3430687652554499,0.36114221724524076,0.15715444955369218,0.07303186247673273,0.6355525629155795,0.021378671828970627,0.08635847986386841,1.8525515210991168,1.0,0.0,7.303927340178709,436.25,588.75,163.0,101.625,101.625,0.0,28.666666666666668,1485.125,0.0,131.33333333333334,1653.5,3.0,0.0,0,13,2006,2018,Leoni,Leoni AG,MDAX,high
DE0005419105,0.43869134471441174,0.26207800150559657,0.0,0.0,0.5462145022162108,0.015094153069377331,0.0,1.2450997923649412,0.0,1.0,7.027333147406547,347.9166666666667,177.72833333333332,0.0,0.0,0.0,0.0,16.996333333333332,1126.021,33.333333333333336,0.0,1159.3543333333334,3.0,0.0,0,3,2019,2021,Cancom,Cancom SE,MDAX,low
DE0005439004,0.3887328438929676,0.24021448753297084,0.0,0.29860327208905557,0.5975664711426458,0.008483330657777283,0.21120857969129325,1.5459266396134717,1.0,0.0,7.626651807125265,768.4,468.97222222222223,0.0,523.3482142857142,502.94444444444446,0.0,17.394444444444446,2054.5,4.833333333333333,415.625,2399.4513888888887,8.0,1.0,0,16,2006,2021,Continental,Continental AG,DAX,high
DE0005470306,0.7253654616647294,0.2154255319148936,0.0,0.0,0.2646408637250495,0.010047139398888861,0.0,0.36486486486486486,0.0,0.0,7.377248986573255,1233.3333333333333,348.0,0.0,0.0,0.0,0.0,16.851,1598.1843333333334,0.0,0.0,1598.1843333333334,3.0,0.0,0,11,2011,2021,CTS Eventim,CTS Eventim AG & Co. KGaA,MDAX,high
DE0005470405,0.29769735763707195,0.38523208093563466,0.12836485415886353,0.17002212681268108,0.6715479149598523,0.018217004382544602,0.12519301634395544,2.3206980979656984,1.0,0.0,7.520873098044591,611.3,752.3,230.3,301.75,301.75,0.0,41.5,1845.4,0.0,297.525,2643.6,5.0,0.0,0,16,2006,2021,Lanxess,Lanxess AG,MDAX,high
DE0005471601,0.3406018316615787,0.56694286960314,0.0,0.0,0.6205308775731311,0.04093567251461988,0.02006105538595726,1.7225563909774435,0.0,0.0,6.605839046502531,261.6,253.8,0.0,0.0,0.0,0.0,35.333333333333336,738.4,160.0,7.666666666666667,923.4,5.0,0.0,0,3,2006,2008,Techem,Techem AG,MDAX,low
DE0005493365,0.9539363921884974,0.0,0.0,0.0,0.0,0.04606360781150257,0.0,0.0,0.0,0.0,6.392818500196091,569.4255,0.0,0.0,0.0,0.0,0.0,27.49675,596.9222500000001,0.0,0.0,596.9222500000001,2.0,0.0,0,2,2020,2021,Hypoport,Hypoport SE,MDAX,very_low
DE0005501357,0.45089285714285715,0.4163265306122449,0.0,0.12060301507537688,0.5491071428571429,0.0,0.03881424885864202,1.2178217821782178,0.0,1.0,8.407601514786142,2050.0,2140.0,0.0,480.0,0.0,0.0,0.0,4480.0,0.0,200.0,4770.75,4.0,0.0,1,13,2006,2018,Axel Springer,Axel Springer SE,MDAX,high
DE0005545503,0.46673193299323806,0.42106159898060214,0.09640102827763496,0.0,0.5174626272582371,0.015805439748524847,0.0006667599042760543,1.1114285714285714,0.0,0.0,6.765587440041633,408.33333333333337,374.41666666666663,75.0,0.0,0.0,0.0,13.75,871.5,317.8333333333333,0.5833333333333333,1189.9166666666665,2.5,0.0,0,2,2017,2018,1&1 Drillisch,1&1 Drillisch AG,MDAX,very_low
DE0005552004,0.3405383100775885,0.18072972169449214,0.1021410612717982,0.33846103743225603,0.6221729016088788,0.025046615215962312,0.1307301004909938,1.7861539360167313,0.0,1.0,7.8608973894851095,927.2313333333334,493.40602083333334,271.80757142857146,874.8706875,0.0,840.5181041666667,65.12018749999999,2592.9283333333333,0.0,366.9792142857143,3123.2464285714286,8.0,1.0,0,16,2006,2021,Deutsche Post,Deutsche Post AG,DAX,high
DE0005557508,0.3847455351599512,0.36805223538286524,0.14091230419030254,0.09593367225364262,0.5936429255796785,0.02145350614792889,0.17960428702498693,1.5521620062148933,1.0,0.0,7.685814841001958,793.2464285714286,797.6081111111112,325.33557142857137,220.3990396825397,220.3990396825397,0.0,50.66384642857143,2176.7435714285716,0.0,344.4135476190476,2703.186714285714,8.0,1.0,0,16,2006,2021,Deutsche Telekom,Deutsche Telekom AG,DAX,high
DE0005565204,0.28458454667131117,0.3781789721020478,0.0,0.27411421604081865,0.7010122126260943,0.01368877639249914,0.07752685235403134,2.4673008210180623,1.0,0.0,7.730016892291764,581.25,905.54925,0.0,730.1454166666667,590.6250416666667,0.0,27.2739825,2276.4364166666664,0.0,162.8168,2811.4376666666667,2.0,0.0,1,14,2008,2021,Dürr,Dürr AG,MDAX,high
DE0005664809,0.3142857142857143,0.22327435833540993,0.0,0.38250685272863194,0.6417233560090703,0.04551806747853863,0.0,2.041847041847042,1.0,0.0,7.006242225696791,371.25,325.25,0.0,401.25,401.25,0.0,54.75,1102.5,0.0,0.0,1102.5,4.0,0.0,0,5,2017,2021,Evotec,Evotec AG,MDAX,low
DE0005772206,0.37774274076993825,0.4359479700433583,0.1811248808388942,0.0,0.6198064883323847,0.0,0.020607010863478555,1.6428571428571428,0.0,0.0,7.532088143541722,708.1666666666666,837.2,342.1666666666667,0.0,0.0,0.0,0.0,1866.0,0.0,34.8,1897.75,4.0,0.0,0,13,2006,2018,Fielmann,Fielmann AG,MDAX,high
DE0005773303,0.28100279006892737,0.40986550248608505,0.03494507751809109,0.24704332371901278,0.6854336972351147,0.03316167691823173,0.19362228932004188,2.4312661924887466,1.0,0.0,7.071155394155363,330.375,475.03499999999997,48.375,279.1468,244.51,0.0,37.915,1176.5100000000002,0.0,269.43,1515.035,4.5,0.0,0,16,2006,2021,Fraport,Fraport AG,MDAX,high
DE0005785604,0.2385668483444946,0.35345518525762676,0.004579467279878489,0.38358037934000416,0.7348334966797314,0.026647089189385808,0.06486049574321155,3.09598515070922,0.32694653856362077,0.6730534614363792,7.877732443617775,587.5,941.3452380952381,13.083333333333332,1011.5,434.83333333333337,456.66666666666663,65.66666666666666,2636.916666666667,0.0,222.08333333333331,2848.833333333333,6.0,1.0,0,16,2006,2021,Fresenius,Fresenius SE & Co. KGaA,DAX,high
DE0005785802,0.2307214622951997,0.33611871942058447,0.0,0.3842545155703774,0.7145626150285853,0.05204955647763833,0.09760502899755788,3.1227228387978583,0.4490544959306876,0.5509455040693125,7.896620163690911,579.3303571428571,913.4285714285714,0.0,1049.142857142857,486.2142857142857,373.25892857142856,125.21428571428572,2687.5942857142854,0.0,230.08730158730157,2964.9871428571428,7.0,1.0,0,16,2006,2021,Fresenius Medical Care,Fresenius Medical Care AG & Co. KGaA,DAX,high
DE0005790406,0.270902751212477,0.729097248787523,0.0,0.0,0.729097248787523,0.0,0.07752959957365341,2.698648064547114,0.0,0.0,7.204630535194243,306.20000000000005,803.85,0.0,0.0,0.0,0.0,0.0,1344.85,0.0,118.80000000000001,1452.1,5.0,0.0,1,16,2006,2021,Fuchs Petrolub,Fuchs Petrolub SE,MDAX,high
DE0005810055,0.27983058362318547,0.28108453342720185,0.0,0.2763022778136546,0.7070687375369025,0.01265827373597015,0.14790216942988726,2.5274509877603224,1.0,0.0,7.822084764950687,705.0857142857143,711.3414285714287,0.0,710.9333333333334,639.5833333333334,0.0,31.1375,2494.3333333333335,0.0,372.5125,3082.5385714285712,6.0,1.0,0,16,2006,2021,Deutsche Börse,Deutsche Börse AG,DAX,high
DE0005878003,0.243635118164174,0.6263048016701461,0.0,0.10334865397242285,0.7422193040052528,0.01480356803947618,0.07959833455792309,3.0584415584415585,1.0,0.0,7.4822315298244035,418.25,1100.0,0.0,198.0,198.0,0.0,26.0,1775.2,0.0,122.2,1927.6666666666667,5.0,0.0,0,11,2006,2016,Gildemeister,DMG Mori AG,MDAX,high
DE0005909006,0.36774618854279406,0.26109960657553166,0.0,0.2250421439975719,0.6012448622745501,0.03165242930514047,0.17615887171388747,1.6443859878439318,1.0,0.0,7.296015523714413,444.75,315.8125,0.0,297.9047619047619,297.9047619047619,0.0,36.0,1473.4166666666665,235.4375,212.16666666666669,1825.0,6.0,0.0,0,12,2006,2017,Bilfinger Berger,Bilfinger SE,MDAX,high
DE0005937007,0.2629612986117026,0.13020063522191894,0.17408948715518058,0.2830674312574235,0.716825644846369,0.0,0.11684341424364864,2.732754437061061,1.0,0.0,7.432178222215483,510.35,291.23249999999996,286.2,453.1333333333333,453.1333333333333,0.0,0.0,1705.6166666666668,50.0,244.76666666666665,2495.2333333333336,5.0,1.0,0,8,2006,2013,MAN,MAN SE,MDAX,medium
DE0006047004,0.2601896435970922,0.3774647035032874,0.12045372614420458,0.11994193330695449,0.6825671549129025,0.05072884075301601,0.11218766283182749,2.6251371993048567,1.0,0.0,7.9593149646118215,776.4722222222222,1256.9375,340.47222222222223,306.60416666666663,306.60416666666663,0.0,157.25,2872.25,0.0,297.58333333333337,3400.2055555555557,6.5,1.0,1,16,2006,2021,Heidelberg Cement,HeidelbergCement AG,DAX,high
DE0006048408,0.22499081659994968,0.44782657413025273,0.07126191700013466,0.23135298535209,0.7545818533885399,0.015928345958014144,0.13521014293100875,3.3666753953326367,1.0,0.0,8.085956353793389,706.6714285714286,1380.4213809523808,248.81904761904764,754.5174999999999,754.5174999999999,0.0,45.98192857142857,3247.727857142857,0.0,449.514,4129.342500000001,7.0,1.0,0,16,2006,2021,Henkel,Henkel AG & Co. KGaA,DAX,high
DE0006048911,0.1594816579819682,0.6183982656443665,0.0,0.22004903395243183,0.8384472995967983,0.0020711903634021847,0.0,5.257327458256029,0.0,1.0,7.432986344346427,269.5,1045.0,0.0,371.84975,0.0,371.84975,3.5,1689.8495,0.0,0.0,1689.8495,4.0,0.0,0,1,2006,2006,Vivacon,Vivacon AG,MDAX,very_low
DE0006062144,0.21179357919872646,0.43631653611299576,0.0,0.27533828601751126,0.7428775948460988,0.020106840777563438,0.1329268292682927,3.6861885374256187,1.0,0.0,8.122816380293493,692.75,1470.25,0.0,837.25,837.25,0.0,57.5,3369.5,0.0,337.75,3913.25,4.0,0.5,0,7,2015,2021,Covestro,Covestro AG,DAX,medium
DE0006070006,0.23144278606965174,0.257549002295603,0.0,0.4919402985074627,0.7572139303482587,0.012688532439549916,0.22792998477929985,3.2717110920034393,0.7500462192641894,0.24995378073581068,7.82943148313263,585.6666666666666,666.5,0.0,951.5,705.0,136.5,29.4,2512.5,0.0,601.1666666666666,3410.75,4.0,0.0,0,15,2006,2020,Hochtief,Hochtief AG,MDAX,high
DE0006095003,0.34660191482703573,0.3961164740880408,0.0,0.23388594222245107,0.6300024163104919,0.023395641134319134,0.0,1.8176541714285714,0.0,1.0,7.141447002208911,437.5,500.0,0.0,295.2237,0.0,295.2237,29.531265,1262.255,0.0,0.0,1262.255,2.0,0.0,0,1,2020,2020,Encavis,Encavis AG,,very_low
DE0006099005,0.4674978397728675,0.48989094961394575,0.0,0.0,0.5298705903208651,0.0,0.0,1.1390473172792566,0.0,0.0,6.847120240444782,427.23333333333335,410.3,0.0,0.0,0.0,0.0,0.0,940.1666666666666,0.0,0.0,940.1666666666666,3.0,0.0,0,7,2006,2012,Douglas,Douglas Holding AG,MDAX,medium
DE0006202005,0.5375603032391454,0.3681731605843254,0.0,0.0,0.44222375373305767,0.02845054947090693,0.2092326139088729,0.8226495726495726,0.0,0.0,7.013414000172274,486.0,384.3333333333333,0.0,0.0,0.0,0.0,28.0,1110.4424999999999,0.0,274.3333333333333,1429.2340000000002,6.0,0.0,0,13,2006,2018,Salzgitter,Salzgitter AG,MDAX,high
DE0006204407,0.2853511280584684,0.2411504424778761,0.19750519750519752,0.18811566571337782,0.6959193706981318,0.0,0.0,2.4910432033719707,1.0,0.0,7.1846291527173145,435.8,209.6,233.0,199.0,166.66666666666666,0.0,0.0,1318.0,0.0,0.0,1343.3333333333333,3.0,0.0,0,11,2006,2016,KUKA,KUKA AG,MDAX,high
DE0006205701,0.405550817497005,0.18194465858065179,0.0,0.2840247390851487,0.5784424796045486,0.013468955590435863,0.0998662733759437,1.4370079122540524,1.0,0.0,6.599812397813223,283.7401,117.99550333333333,0.0,258.6432,258.6432,0.0,11.520069,735.7523,91.79786,113.74233333333333,1027.5863666666667,4.5,0.0,0,6,2006,2011,IVG,IVG Immobilien AG,MDAX,medium
DE0006219934,1.0,0.0,0.0,0.0,0.0,0.0,0.08427952931201566,0.0,0.0,0.0,7.257883842050836,1367.0,0.0,0.0,0.0,0.0,0.0,0.0,1418.25,0.0,86.0,1525.8,5.0,0.0,1,7,2011,2021,Jungheinrich,Jungheinrich AG,MDAX,medium
DE0006231004,0.4697238942478156,0.20224507894153876,0.1746493644210209,0.09247686996859451,0.5052617412881353,0.022023684678980318,0.11609633899559485,1.0808495091164096,1.0,0.0,7.475260135032604,793.8193333333334,345.093125,285.6003333333333,180.39429166666667,40.8391,0.0,34.96966666666667,1762.8628333333331,0.0,207.16000000000003,1877.5253333333335,4.0,1.0,0,16,2006,2021,Infineon,Infineon Technologies AG,DAX,high
DE0006275001,0.36986940298507465,0.6006529850746268,0.0,0.000962515373509438,0.6301305970149254,0.0,0.06245655312550131,1.703656998738966,1.0,0.0,7.3346090575421155,644.6666666666666,919.8571428571429,0.0,2.5714285714285716,2.5714285714285716,0.0,0.0,1531.4285714285713,0.0,111.16666666666667,1570.857142857143,7.0,0.0,0,3,2006,2008,Arcandor,Arcandor AG,MDAX,low
DE0006305006,0.48534072900158476,0.28790786948176583,0.0,0.0,0.3810143042912874,0.14473144731447316,0.0,0.8089795918367347,0.0,1.0,6.851184927493743,507.6666666666667,291.0,0.0,0.0,0.0,0.0,154.0,944.0,0.0,0.0,1063.5,3.0,0.0,0,7,2006,2012,Deutz,Deutz AG,MDAX,medium
DE0006335003,0.5419113721302723,0.28214285714285714,0.09712308025091931,0.0,0.43726641751201284,0.020822210357714897,0.5473191214470284,0.8068965517241379,0.0,0.0,6.800392760653637,498.3333333333333,269.2,89.8,0.0,0.0,0.0,17.8,897.2,0.0,677.8,1632.142857142857,5.0,0.0,1,13,2006,2018,Krones,Krones AG,MDAX,high
DE0006452907,0.2661822985468956,0.30476900149031294,0.3176775147928994,0.0,0.6859165424739195,0.013540290620871863,0.0,2.705955334987593,0.0,0.0,6.804984000946192,268.6666666666667,311.0,286.3333333333333,0.0,0.0,0.0,13.666666666666666,901.3333333333334,0.0,0.0,901.3333333333334,3.0,0.0,0,5,2017,2021,Nemetschek,NEMETSCHEK SE,MDAX,low
DE0006483001,0.2541729644537842,0.33543721534549165,0.0,0.42395701502771144,0.7261521869810219,0.011136576859736218,0.11282877132597079,2.85641366807974,0.5405854011958213,0.4594145988041788,8.117485672563776,747.0636,1124.7487999999998,0.0,930.8244857142857,503.96578571428574,579.6359875,37.873149999999995,3351.6097499999996,0.0,280.85794285714286,3378.659,5.0,1.0,0,14,2006,2021,Linde,Linde plc,DAX,high
DE0006569908,0.44195841010792314,0.22716504343248223,0.0,0.31695721077654515,0.5580415898920769,0.0,0.0,1.262656343061346,1.0,0.0,6.811519671101311,401.25,203.0,0.0,250.0,250.0,0.0,0.0,907.25,0.0,0.0,907.25,4.0,0.0,0,5,2006,2010,MLP,MLP AG,MDAX,low
DE0006599905,0.22167067789811473,0.0,0.5331134130399275,0.22129913351307867,0.7694676959420625,0.01011970252920677,0.1247338362043457,3.498775510204082,1.0,0.0,7.915938567492538,930.25,0.0,1865.0,1092.8125,1092.8125,0.0,24.2,2740.1167857142855,0.0,473.5833333333333,3466.791666666667,6.0,1.0,1,16,2006,2021,Merck,Merck KGaA,DAX,high
DE0006602006,0.46397969144463347,0.24402905775664313,0.0026059442447823144,0.08065397833734587,0.509880643596134,0.03034366679103967,0.14892674297947522,1.086274378647432,1.0,0.0,7.338319588277852,706.0750250000001,393.92274999999995,3.2914285714285714,109.04095000000001,109.04095000000001,0.0,37.68985416666666,1537.339075,0.0,254.93961666666667,1908.3196333333333,4.0,0.0,0,16,2006,2021,GEA Group,GEA Group AG,MDAX,high
DE0006605009,0.7023977433004231,0.20451339915373765,0.0,0.0,0.20451339915373765,0.0930888575458392,0.5416078984485191,0.29116465863453816,0.0,0.0,5.469465622743866,166.0,48.333333333333336,0.0,0.0,0.0,0.0,22.0,236.33333333333334,0.0,128.0,364.3333333333333,3.0,0.0,0,1,2006,2006,Medion,MEDION AG,MDAX,very_low
DE0006632003,0.2570087812654163,0.1745677972921646,0.0,0.5417874994919811,0.7163552967841458,0.03268390112404041,0.06220518613929083,2.803445067900432,0.5994559667110276,0.4005440332889724,7.311844454508038,375.4276,261.05565,0.0,752.2207000000001,352.76121666666666,294.523225,39.810275000000004,1497.0641,250.0,78.5619,1840.30975,5.0,0.0,0,4,2017,2020,Morphosys,Morphosys AG,MDAX,low
DE0006764749,0.4747457242385869,0.4475447554822724,0.0,0.06581247647795097,0.525254275761413,0.0,0.0,1.1063907454960937,0.0,1.0,6.730779408512935,420.0,373.4266,0.0,64.84,0.0,64.84,0.0,836.8,0.0,0.0,971.5894000000001,5.0,0.0,0,5,2006,2010,Pfleiderer,Pfleiderer AG,MDAX,low
DE0006766504,0.3881226622559507,0.2934254840030218,0.21655921956445418,0.010014703379943285,0.5961781251025465,0.021114397454253586,0.21754191110404403,1.5360763197900498,0.5,0.0,6.71277275968556,359.45,265.68765,167.968875,7.8628,0.0,0.0,19.1781,822.7067999999999,0.0,192.36435,1062.7141000000001,4.5,0.0,1,16,2006,2021,Aurubis,Aurubis AG,MDAX,high
DE0006969603,0.32400225154107004,0.2727272727272727,0.0,0.4090298707981016,0.6759974738807506,0.0,0.0,2.0863974576271183,0.5,0.0,7.8654419206556625,700.0,866.6666666666666,0.0,938.4,0.0,0.0,0.0,2604.6616666666664,0.0,0.0,2604.6616666666664,5.0,0.0,1,13,2006,2021,Puma,Puma SE,DAX and MDAX,high
DE0007010803,0.5581395348837209,0.4418604651162791,0.0,0.0,0.4418604651162791,0.0,0.08670520231213873,0.7916666666666666,0.0,0.0,6.843216757844566,516.6666666666666,456.5,0.0,0.0,0.0,0.0,0.0,936.5,0.0,75.0,1075.0,4.0,0.0,1,13,2006,2021,Rational,Rational AG,MDAX,high
DE0007030009,0.2963293309068028,0.3645510894907231,0.17047337675323584,0.16417086850609258,0.6976134564290416,0.01012375679168694,0.20422879671575056,2.3541522180120182,1.0,0.0,7.601565873396089,601.8333333333333,807.0416666666667,321.75,334.20833333333337,334.20833333333337,0.0,24.375,2000.4166666666665,0.0,403.33333333333337,2278.833333333333,3.0,0.0,0,16,2006,2021,Rheinmetall,Rheinmetall AG,MDAX,high
DE0007037129,0.2921397020921097,0.3639799158945418,0.0,0.24843676499692013,0.6861449062960382,0.02136753833395091,0.1181562720926922,2.377517979212065,1.0,0.0,7.974547858998028,910.547619047619,990.0,0.0,625.0,625.0,0.0,61.92857142857143,2905.1,0.0,378.525,3158.5,5.0,1.0,0,16,2006,2021,RWE,RWE AG,DAX,high
DE0007042301,0.21363910681955342,0.0,0.7717996289424861,0.0,0.7794273594909862,0.00697786333012512,0.1248038624019312,3.643502824858757,0.0,1.0,6.943725522771368,241.66666666666666,0.0,718.8571428571429,0.0,0.0,0.0,7.222222222222222,1035.625,0.0,127.77777777777777,1279.0,6.0,0.0,1,11,2006,2016,Rhön-Klinikum,Rhön-Klinikum AG,MDAX,high
DE0007100000,0.234887431659943,0.20879150635457044,0.15805551930536638,0.3457728585601091,0.7153973618058471,0.05124045919650005,0.08585078520154431,3.1401259811125697,1.0,0.0,8.170311496460602,806.625,805.3194444444445,545.4375,1276.4375,1276.4375,0.0,177.75,3535.818888888889,0.0,290.875,3870.625,8.0,1.0,0,16,2006,2021,Daimler,Daimler AG,DAX,high
DE0007164600,0.1514026320898177,0.29529758109450643,0.0,0.36070416484435663,0.8065168060665544,0.030968777233887638,0.039683555537338204,5.249245305775852,1.0,0.0,8.349435912461956,674.0479166666667,1066.6325396825396,0.0,1675.4071428571428,1675.4071428571428,0.0,127.12777777777778,4231.920833333334,129.5808125,158.03333333333336,4943.216547619048,8.0,1.0,0,16,2006,2021,SAP,SAP SE,DAX,high
DE0007165607,0.4852941176470588,0.2687854710556186,0.06818661600168884,0.13344788087056128,0.45935828877005347,0.04623179227359088,0.09887005649717515,0.946556473829201,1.0,0.0,7.077709001782227,555.25,319.0,80.75,151.33333333333334,151.33333333333334,0.0,54.75,1184.25,0.0,107.5,1277.5,4.0,0.0,0,5,2017,2021,Sartorius,Sartorius AG,DAX and MDAX,low
DE0007221905,0.2038585582183124,0.35756766479358015,0.0,0.43857377698810746,0.7961414417816877,0.0,0.0,3.9140703268124577,0.23137186629526463,0.7686281337047354,7.368321667430777,346.25,586.4,0.0,742.8333333333334,110.75,632.0833333333334,0.0,1675.4833333333336,375.68333333333334,0.0,2051.1666666666665,5.5,0.0,0,2,2006,2007,Schwarz Pharma,Schwarz Pharma AG,MDAX,very_low
DE0007231326,0.5475559776089565,0.2078387734915925,0.0,0.23907236066997534,0.4469111341615678,0.005532888229475766,0.0,1.0129154444548794,1.0,0.0,7.260745568531795,739.325,420.25,0.0,340.4375,340.4375,0.0,11.1875,1511.2,10.9375,0.0,1522.1375,6.5,0.0,0,2,2020,2021,Sixt,Sixt SE,MDAX,very_low
DE0007235301,0.26366822468946705,0.2689752170881915,0.1037874513716951,0.33977470702544077,0.7357572097907362,0.0,0.30156499192996244,2.7948794626426205,0.32426121122625173,0.6757387887737483,7.323438403248975,429.0,452.46,141.385,524.2916666666667,154.25,349.075,0.0,1528.125,0.0,426.91666666666663,2442.2571428571428,5.0,0.0,0,8,2006,2013,SGL Carbon,SGL Carbon SE,MDAX,medium
DE0007236101,0.2765123118446582,0.3108785730717154,0.0,0.3218696630724084,0.6921469177419173,0.030591736006260674,0.16157324002740373,2.5053516789008414,1.0,0.0,8.169203877228409,960.7038636363636,1038.221888888889,0.0,1234.2232142857142,1234.2232142857142,0.0,104.66261111111112,3530.0187499999997,52.77777777777778,629.0,4628.715277777777,9.0,1.0,0,16,2006,2021,Siemens,Siemens AG,DAX,high
DE0007251803,0.5853935282905639,0.2221624179701616,0.019245861369971,0.0,0.3939736914113069,0.01602339877758138,0.0,0.6730065714285715,0.0,0.0,7.406508321513859,895.8473333333333,417.02366666666666,21.875,0.0,0.0,0.0,26.9755,1645.6666666666667,0.0,0.0,1714.2851999999998,4.0,0.0,0,13,2006,2018,Stada,STADA Arzneimittel AG,MDAX,high
DE0007257503,0.44373723294040135,0.3334619488498288,0.0,0.2084772637771385,0.5419392126269673,0.014323554432631346,0.11924475056847886,1.2239578120076369,1.0,0.0,7.5566670494186265,857.0,638.8333333333333,0.0,400.58333333333337,400.58333333333337,0.0,27.666666666666668,1924.0833333333335,0.0,228.58333333333331,2152.666666666667,4.5,0.0,0,2,2017,2018,Metro,Ceconomy AG,MDAX,very_low
DE0007297004,0.423469387755102,0.165,0.0,0.0,0.2109328358208955,0.20408163265306123,0.18620689655172415,0.6033266129032258,0.0,0.0,6.788302401134673,350.4,146.25,0.0,0.0,0.0,0.0,166.66666666666666,886.9047619047619,0.0,136.66666666666669,1046.4285714285716,5.0,0.0,1,12,2006,2017,Südzucker,Südzucker AG,MDAX,high
DE0007314007,0.4641350210970464,0.34810126582278483,0.0,0.0,0.520253164556962,0.018307905686546465,0.25063291139240507,1.1209090909090909,1.0,0.0,6.530877627725885,340.25,270.0,0.0,0.0,0.0,0.0,13.4,685.0,0.0,163.25,846.0,4.0,0.0,0,7,2006,2012,Heidelberger Druckmaschinen,Heidelberger Druckmaschinen AG,MDAX,medium
DE0007472060,0.437526697992311,0.16723622383596753,0.25053395984621957,0.0,0.4177701836821871,0.14470311832550192,0.1321016659547202,0.9548450085428363,0.0,0.0,7.758760544157663,1024.25,391.5,586.5,0.0,0.0,0.0,338.75,2341.0,36.25,309.25,2686.5,4.0,0.5,0,3,2017,2019,Wirecard,Wirecard AG,DAX,low
DE0007480204,0.41398865784499056,0.34307496823379924,0.0,0.0,0.542,0.06499133448873484,0.0,1.3055555555555556,1.0,0.0,6.280395838960195,234.0,175.0,0.0,0.0,0.0,0.0,37.5,533.0,0.0,0.0,533.0,2.0,0.0,0,13,2006,2018,Dt. Euroshop,Deutsche Euroshop AG,MDAX,high
DE0007493991,0.5972778351617462,0.1976610410363055,0.0,0.07125579520258013,0.3152636246895696,0.05918186219138292,0.0,0.527834126984127,1.0,0.0,7.289098444969891,840.0,284.0,0.0,98.75,82.697,0.0,123.0,1463.25,0.0,0.0,1463.25,3.0,0.0,1,7,2014,2021,Ströer,Ströer SE & Co. KGaA ,MDAX,medium
DE0007500001,0.30967071057192375,0.2799682264586944,0.0,0.37113808322824715,0.6691851490779105,0.035796199213630406,0.22739745811669554,2.1723751958809046,1.0,0.0,7.811643145664578,781.6666666666666,696.1666666666666,0.0,764.8571428571429,764.8571428571429,0.0,83.33333333333333,2468.184333333333,0.0,545.1666666666666,2926.75,6.0,1.0,0,15,2006,2021,ThyssenKrupp,ThyssenKrupp AG,MDAX,high
DE0007600801,0.322543433489219,0.6537669252963616,0.0,0.0,0.6631439871397387,0.014312707731387875,0.07626485194483981,2.133702597028978,1.0,0.0,6.858181301606718,363.0,560.0,0.0,0.0,0.0,0.0,15.0,950.9105,0.0,72.75,1023.66075,3.0,0.25,0,4,2006,2009,Altana,Altana AG,MDAX,low
DE0007664005,0.23398940676182584,0.18971811228459673,0.1761922525056267,0.028502980920397512,0.7359609873314799,0.012181219520008297,0.19918715501626785,3.155146446197858,1.0,0.0,8.470796930351128,1106.3909777777776,957.6032777777777,875.3888888888889,66.597975,0.0,0.0,57.18320833333333,4776.185416666667,0.0,929.1088833333333,6296.539333333333,9.0,1.0,0,16,2006,2021,Volkswagen,Volkswagen AG,DAX,high
DE0007667107,0.35587162395082383,0.6284176124797547,0.0,0.0,0.6284176124797547,0.016231440584787427,0.18301896610567536,1.786610360051006,0.0,0.0,6.960302970886079,362.86816666666664,662.049,0.0,0.0,0.0,0.0,17.92625,1053.0,0.0,192.18366666666668,1311.48075,2.0,0.0,0,8,2006,2013,Vossloh,Vossloh AG,MDAX,medium
DE0007856023,0.31465522388653816,0.34085827625992804,0.40701938403710014,0.04826823550618667,0.6853447761134619,0.0,0.08842498302783436,2.178081671895557,0.0,1.0,6.877572665544173,288.6666666666667,162.59279999999998,394.51099999999997,19.052736666666664,0.0,19.052736666666664,0.0,969.2683333333333,0.0,61.333333333333336,1131.0463333333335,3.0,0.0,0,11,2006,2016,ElringKlinger,ElringKlinger AG,MDAX,high
DE0008001009,0.40930976096559685,0.5753568489457702,0.0,0.0,0.5753568489457702,0.018026403267166872,0.31092515908443347,1.4056758568094103,0.0,0.0,6.865037549296983,440.4,550.8363636363637,0.0,0.0,0.0,0.0,18.01111111111111,957.1818181818181,0.0,297.61190909090914,1254.7936363636363,9.0,0.5,0,5,2006,2010,Deutsche Postbank,Deutsche Postbank AG,MDAX,low
DE0008019001,0.9117809498309528,0.032467532467532464,0.0,0.0,0.05106826472120896,0.03289536437671756,0.806239685728636,0.05878824235152969,0.0,0.0,6.2145880980221815,458.375,20.0,0.0,0.0,0.0,0.0,14.839285714285715,499.375,0.0,422.9,900.25,4.0,0.0,0,6,2014,2019,DEPFA,Deutsche Pfandbriefbank AG,MDAX,medium
DE0008027707,0.4410168219474069,0.4499435059082104,0.0,0.0,0.4499435059082104,0.10903967214438268,0.0,1.262993195742823,0.0,0.0,6.725063125971461,374.5454545454545,446.9642857142857,0.0,0.0,0.0,0.0,79.3,884.3227272727272,123.34285714285714,0.0,1129.4642857142858,8.5,0.75,0,4,2006,2009,Hypo Real Estate,Hypo Real Estate Holding AG,MDAX,low
DE0008232125,0.42307098754642947,0.20523172516891522,0.040533681924254245,0.2098447047402584,0.5228327076098538,0.050114265122880156,0.20516266484684176,1.2255186390079609,0.0,1.0,7.622270080289812,752.7857142857142,400.35,69.28953,386.0525,0.0,386.0525,99.46366666666665,2042.5,0.0,384.0,2414.171428571429,5.0,1.0,0,16,2006,2021,Deutsche Lufthansa,Deutsche Lufthansa AG,MDAX,high
DE0008303504,0.5838926174496645,0.12217470983506414,0.18070652173913043,0.0,0.41304347826086957,0.013002364066193853,0.0,0.7126436781609196,1.0,0.0,6.4759461955343705,390.0,75.0,133.0,0.0,0.0,0.0,11.0,648.3333333333334,0.0,0.0,648.3333333333334,3.0,0.0,0,13,2009,2021,TAG Immobilien,TAG Immobilien AG,MDAX,high
DE0008402215,0.3638573813941032,0.39893455930911775,0.09088297479250643,0.1316682047920476,0.6242392510893308,0.015659822549172663,0.11048281782298,1.7181639827764417,1.0,0.0,6.943331045515292,375.54821428571427,387.1714285714285,100.1625,139.54375,132.67857142857144,0.0,15.357142857142858,1035.21875,0.0,108.52589285714285,1157.8026160714285,7.0,0.0,1,16,2006,2021,Hannover Rück,Hannover Rück SE,DAX and MDAX,high
DE0008404005,0.27368811362266743,0.2682621418323368,0.07160957572154357,0.3083652592974916,0.7193301075229402,0.008470328741119193,0.13553877662785768,2.629859090049329,1.0,0.0,8.067543230203752,763.1818181818182,933.1055555555556,176.73863636363637,950.1863636363637,910.6055555555556,0.0,29.304545454545455,3188.973484848485,94.79166666666667,385.175,3711.522727272727,11.0,1.0,0,16,2006,2021,Allianz,Allianz SE,DAX,high
DE0008430026,0.3066152424891438,0.13533577904959482,0.2942309767200306,0.21651630514687603,0.6771346065428341,0.018763723624722298,0.22173231529232879,2.2085942010279522,1.0,0.0,7.7011889827238305,662.4614318181818,308.3616388888889,634.761109090909,472.65630555555555,386.3131313131313,0.0,39.01886805555556,2210.6143888888887,0.0,490.61935,2700.1099999999997,9.0,1.0,0,16,2006,2021,Munich RE,Munich RE AG,DAX,high
DE000A0CAYB2,0.3317962435775598,0.3365475657855905,0.0,0.3405009138710562,0.6504360675788619,0.0208765346184933,0.052783210301794725,1.9603478947368422,0.0,1.0,7.267247301227129,450.0,481.802,0.0,449.36325,0.0,449.36325,25.436225,1431.6015,0.0,76.312175,1555.821,4.0,0.0,1,11,2006,2016,Wincor Nixdorf,Wincor Nixdorf AG,MDAX,high
DE000A0D6554,0.4433469567803662,0.2532875059734861,0.0,0.29749497892988547,0.5507824849033716,0.005870558316262252,0.0,1.2423283310732838,1.0,0.0,6.906217430432319,442.2223333333333,252.64499999999998,0.0,296.74033333333335,296.74033333333335,0.0,5.855666666666667,997.4633333333333,0.0,0.0,997.4633333333333,3.0,0.0,0,1,2020,2020,Nordex,Nordex SE,,very_low
DE000A0D9PT0,0.3727930950527403,0.29400335098883956,0.07554206236779665,0.2129027948869554,0.6130967551443092,0.012863609036722467,0.12490357977447078,1.645300013682666,1.0,0.0,7.289598580625599,582.2924166666667,516.5092,120.7189,295.049125,275.534,0.0,21.429625,1464.06275,0.0,195.01475,1820.6284500000002,4.0,0.0,0,16,2006,2021,MTU,MTU Aero Engines Holding AG,DAX and MDAX,high
DE000A0F6MD5,0.6658591563239281,0.21528407546704598,0.0,0.06272980377237149,0.30923244100459596,0.02221842886538332,0.10740710154239214,0.49495291384849266,0.0,1.0,6.430716298503716,394.15,136.51666666666665,0.0,39.0,0.0,39.0,14.05,619.9000000000001,0.0,62.25,745.7666666666667,5.5,0.0,0,6,2006,2011,Praktiker,Praktiker AG,MDAX,medium
DE000A0HN5C6,0.4441733938106987,0.31531530413443265,0.0,0.14944869522312576,0.5243057855082593,0.023056183675772973,0.0,1.1803856798500134,1.0,0.0,6.817886350271328,388.8,250.3,0.0,125.0,0.0,0.0,23.458333333333336,913.95,0.0,0.0,945.95,3.0,0.0,0,16,2006,2021,Deutsche Wohnen,Deutsche Wohnen SE,DAX and MDAX,high
DE000A0LD2U1,0.37860861334595364,0.15728715728715728,0.059644059644059645,0.37860861334595364,0.6034074775201136,0.014584346135148274,0.0702012763868434,1.59375,1.0,0.0,6.963662910920433,400.0,163.5,64.0,400.0,400.0,0.0,15.0,1056.5,0.0,71.5,1141.0,2.0,0.0,0,7,2014,2020,Alstria Office REIT,Alstria Office REIT-AG,MDAX,medium
DE000A0LD6E6,0.46668167492120666,0.235029266096353,0.07960339943342776,0.10349944228235801,0.5157586672669968,0.011033780342895943,0.14938041079612968,1.1051616015436565,0.0,0.0,6.97914527506881,480.0,252.25,56.2,109.675875,0.0,0.0,9.666666666666666,1073.0,0.0,163.66666666666666,1442.6,4.0,0.0,1,15,2007,2021,Gerresheimer,Gerresheimer AG,MDAX,high
DE000A0N4P43,0.3804634683320058,0.3480047355074768,0.0,0.2200947671123373,0.5680995026198141,0.05143702904818009,0.19596852470156154,1.4931775318939964,1.0,0.0,6.792916878628657,352.2,305.46666666666664,0.0,240.973,240.973,0.0,46.799,890.5102,0.0,157.24949999999998,1035.0153333333333,5.0,0.0,0,5,2007,2011,Tognum,Tognum AG,MDAX,low
DE000A0S8488,0.4480121017471538,0.3990902468633036,0.0,0.0,0.5121035288857944,0.019386874850742728,0.09760690311001183,1.1387319916587977,0.0,0.0,6.584324753690506,290.0,188.84595000000002,0.0,0.0,0.0,0.0,12.050375,722.6915,0.0,79.1159,735.9211250000001,5.0,0.0,1,8,2006,2013,Hamburger Hafen,Hamburger Hafen und Logistik AG,MDAX,medium
DE000A0TGJ55,0.19440440240400272,0.7632910708470262,0.0,0.03432098765432099,0.7976120585013471,0.007983539094650206,0.0,4.383089114976963,1.0,0.0,7.516899304235231,350.91666666666663,1409.9166666666665,0.0,69.5,69.5,0.0,16.166666666666668,1846.5,29.666666666666668,0.0,1876.1666666666667,2.5,0.0,1,2,2019,2021,Varta,Varta AG,MDAX,very_low
DE000A0WMPJ6,0.2812063381568099,0.5029487523007673,0.010903426791277258,0.1697882149546175,0.683640394046662,0.03515326779652801,0.0,3.5745619459905176,1.0,0.0,6.9628138091530865,258.5,596.875,7.0,294.625,294.625,0.0,31.625,1188.625,0.0,0.0,1188.625,3.5,0.0,0,2,2020,2021,Aixtron,Aixtron SE,MDAX,very_low
DE000A0Z2ZZ5,0.4760616716256424,0.39899749373433585,0.0,0.0,0.5125777657560184,0.01072107902472765,0.2102714853882068,1.0767045454545454,1.0,0.0,7.117475809964206,596.0,442.4,0.0,0.0,0.0,0.0,12.4,1232.3333333333333,0.0,243.2,1574.5334,5.0,0.0,0,5,2017,2021,Freenet,freenet AG,MDAX,low
DE000A12DM80,0.4576218117006672,0.26061266761146845,0.03132444223141385,0.0,0.5331294106312773,0.01890330317235365,0.03211599258693994,1.165,0.0,1.0,6.945989929212052,475.0,239.06,110.72,0.0,0.0,0.0,17.34,1037.975,0.0,31.25,1069.225,4.0,0.0,0,5,2017,2021,Scout24,Scout24 AG,MDAX,low
DE000A12UKK6,0.30728709394205445,0.0,0.0,0.32809455773477075,0.32809455773477075,0.12730469278276157,0.0,1.372,0.0,1.0,7.549258226389744,583.3333333333334,0.0,0.0,800.3333333333334,0.0,800.3333333333334,514.6666666666666,1898.3333333333333,0.0,0.0,2566.3333333333335,3.0,0.0,1,5,2015,2019,Rocket Internet,Rocket Internet SE,MDAX,low
DE000A13SX22,0.16615973865044498,0.820434831587248,0.0,0.0,0.820434831587248,0.014713779400708839,0.0,4.937627118644068,0.0,0.0,7.710717325549289,411.57142857142856,1820.75,0.0,0.0,0.0,0.0,29.75,2231.1428571428573,0.0,0.0,2601.285714285714,7.0,0.0,1,5,2015,2020,Hella,Hella KGaA Hueck & Co.,MDAX,low
DE000A161408,0.16209329630518324,0.20679377136446966,0.0,0.6311127085221704,0.83790647988664,0.0,0.0,5.229679342056073,0.0,1.0,7.804520747614205,395.50425,512.126625,0.0,1563.95225,0.0,1563.95225,0.0,2471.58375,0.0,0.0,2471.58375,4.0,0.25,0,2,2020,2021,HelloFresh,HelloFresh SE,DAX and MDAX,very_low
DE000A161N30,0.5459475329184119,0.1862961923099397,0.0,0.23259161501527092,0.41888780732521064,0.035164563555801324,0.0,0.7672675157739205,1.0,0.0,6.5548717101176805,383.069,130.7164,0.0,163.2,163.2,0.0,24.6735325,701.659,0.0,0.0,701.659,4.0,0.0,0,1,2019,2019,Grenke,Grenke AG,MDAX,very_low
DE000A1DAHH0,0.3711883919699168,0.04857469752683831,0.06497477449931204,0.13381783067055625,0.5289458354928522,0.06552908080165287,0.09379637375034133,1.426888019251626,1.0,0.0,7.22280784855106,543.5,161.05,85.0,161.33333333333331,161.33333333333331,0.0,56.083333333333336,1369.5,0.0,109.73333333333333,1677.475,4.5,0.0,1,16,2006,2021,Brenntag,Brenntag AG,DAX and MDAX,high
DE000A1EWWW0,0.31267531781510827,0.2595309635394102,0.273664743885487,0.0,0.6652840372179667,0.011198040146751846,0.13832088161053988,2.1293443696221477,1.0,0.0,7.8134299926468875,783.3589166666666,841.3007083333333,656.7,0.0,0.0,0.0,25.125,2474.724166666667,0.0,360.01905,2869.0116666666663,5.0,1.0,0,16,2006,2021,Adidas,Adidas AG,DAX,high
DE000A1H8BV3,0.35831503076300214,0.32897087111843915,0.17228171666308326,0.07282220390217092,0.6264893257731656,0.015644974295464534,0.018549051937345424,1.7663942464857798,0.0,1.0,6.772792410617505,328.75,234.75,141.125,66.25,0.0,66.25,12.75,873.5,0.0,16.875,963.0,4.0,0.0,1,8,2011,2018,NORMA Group,NORMA Group SE,MDAX,medium
DE000A1J5RX9,0.483309905795104,0.3328189217119284,0.0,0.10703887913753175,0.4482937913074063,0.06839630289748966,0.07312634781101149,0.9275493548387097,1.0,0.0,6.688059527170481,387.5,289.5625,0.0,78.59266666666666,78.59266666666666,0.0,53.857142857142854,801.763,0.0,72.28371428571428,860.393,8.0,0.0,0,5,2017,2021,Telefonica,Telefónica Deutschland Holding AG ,MDAX,low
DE000A1ML7J1,0.3062551842773779,0.21428156025237904,0.0,0.4528427225632969,0.6683602837565584,0.012325940156821593,0.16085550594660028,2.2015409152882466,1.0,0.0,7.632839015210365,642.6666666666666,488.8375,0.0,814.4812,814.4812,0.0,26.638600000000004,2063.904,0.0,256.7315,2450.394,4.0,1.0,1,11,2011,2021,Vonovia,Vonovia SE,DAX,high
DE000A1PHFF7,0.5231458498883803,0.28875338606881673,0.005377601122281974,0.0,0.4753954079251385,0.0,0.3136633946487727,0.9117143477336358,0.0,0.0,7.205847340067528,648.175,325.3571428571429,5.75,0.0,0.0,0.0,0.0,1349.6333333333332,0.0,323.3,2093.366666666667,4.0,0.0,1,16,2006,2021,Hugo Boss,Hugo Boss AG,MDAX,high
DE000A288904,0.4203039319417628,0.11831059537811023,0.2755229669850216,0.1601011355636385,0.5539346979267704,0.025761370131466788,0.0,1.4497458923005269,0.0,1.0,6.950018748628967,428.38541666666663,140.06020833333335,272.4565416666667,232.875,0.0,232.875,26.808999999999997,1100.5861666666667,1062.5,0.0,2163.085916666667,7.0,0.0,0,2,2019,2020,CompuGroup,CompuGroup Medical SE,MDAX,very_low
DE000A2AADD2,0.4533319094404101,0.3927808628791115,0.0,0.1371208885091841,0.5299017513882956,0.016766339171294317,0.16232379325074756,1.1689045936395759,1.0,0.0,7.3535089060044125,707.5,608.1666666666666,0.0,214.0,214.0,0.0,26.166666666666668,1560.6666666666667,0.0,253.33333333333334,1814.0,6.0,0.0,0,3,2016,2018,Innogy,Innogy SE,MDAX,low
DE000A2E4K43,0.16336173314232577,0.0,0.0,0.830355123275277,0.830355123275277,0.010997823347462481,0.0,5.082923076923077,0.0,1.0,7.596116022808122,311.0,0.0,0.0,1651.95,0.0,1651.95,12.5,1989.45,0.0,0.0,1989.45,2.0,0.25,0,5,2017,2021,Delivery Hero,Delivery Hero SE,DAX,low
DE000A2GS401,0.22139754265507633,0.3519126274438859,0.0,0.39980121982813266,0.768564483323136,0.01509142226437202,0.08773375152743004,3.4590803613209573,0.4210488641843483,0.5789511358156517,7.79148976075307,534.8716000000001,892.0088333333333,0.0,929.024,391.16450000000003,600.0,33.303642857142854,2418.92,0.0,207.3375,2770.5466666666666,6.0,0.0,0,5,2017,2021,Software,Software AG,MDAX,low
DE000A2YN900,0.4693602980484205,0.47050710306641147,0.0,0.2604561957703432,0.5051706343698422,0.025469067581737254,0.0,1.076296049048715,1.0,0.0,7.129633229761745,620.0,586.9195,0.0,612.66,612.66,0.0,38.21,1247.419,0.0,0.0,1566.8860000000002,2.0,0.0,0,3,2019,2021,TeamViewer,TeamViewer AG,MDAX,low
DE000A3H3LL2,0.2563564354067896,0.31571976192274936,0.0,0.3877043785365239,0.7034241404592733,0.040219424133937205,0.03548403986360905,2.7439301039705555,1.0,0.0,7.518013663933201,471.672,580.895,0.0,713.34,713.34,0.0,74.0,1839.907,0.0,65.28733333333334,1905.1943333333331,3.0,0.0,0,1,2021,2021,Vantage Towers,Vantage Towers AG,MDAX,very_low
DE000BASF111,0.24202234988358928,0.047348141432456935,0.3311496825389231,0.19240098480216233,0.6607839475425623,0.09560152579684368,0.15805802441693245,2.660166557242947,0.0,1.0,8.027363007796353,681.1666666666667,174.08333333333334,932.8472222222222,490.77777777777777,0.0,469.8492063492064,283.1625,3062.6555555555556,0.0,483.83333333333337,3517.0944444444444,8.5,1.0,0,16,2006,2021,BASF,BASF SE,DAX,high
DE000BAY0017,0.25760533845393785,0.33060427844609974,0.0,0.36677001166496237,0.694791740116532,0.03156602444305589,0.1409569251834103,2.7102224054605006,1.0,0.0,7.919869355331697,769.775,970.0571428571428,0.0,1037.0,1037.0,0.0,81.4,2750.675,0.0,481.125,3249.95,5.0,1.0,0,16,2006,2021,Bayer,Bayer AG,DAX,high
DE000BFB0019,0.2836380121043345,0.3471894386129364,0.0,0.35475357540880537,0.6827021988335886,0.02623084481041601,0.04796938727630613,2.3861777226663516,1.0,0.0,7.835741325740646,748.9166666666667,996.3,0.0,697.475,523.9833333333333,0.0,59.3,2529.6,0.0,119.4,2813.9,5.0,0.25,0,14,2006,2019,Metro_neu2017,Metro AG,MDAX,high
DE000CBK1001,0.6231305828524234,0.03902903192856755,0.0,0.10975977761682446,0.29930349696548847,0.07143093889083235,0.26253073057841725,0.4801990422641538,1.0,0.0,7.246895466958838,736.2214285714285,49.378571428571426,0.0,155.62142857142857,155.62142857142857,0.0,84.51587301587301,1403.9107142857142,0.253125,345.9428571428572,1860.6468253968255,8.5,1.0,0,16,2006,2021,Commerzbank,Commerzbank AG,MDAX,high
DE000CLS1001,0.3142956621854599,0.5581945065420085,0.0,0.06175722214701973,0.6785759422113556,0.0,0.09847516342203665,2.1821648606811146,0.5,0.0,7.433485115474133,459.66666666666663,733.125,0.0,74.54166666666666,0.0,0.0,0.0,1691.35,0.0,164.875,2003.05,4.0,0.0,1,8,2006,2013,Celesio,Celesio AG,MDAX,medium
DE000DCAG010,0.29841632753434183,0.4470196264605618,0.0,0.10543587475450816,0.6445309228618625,0.03729675483468001,0.002899751449875725,2.1757151265292443,1.0,0.0,6.935496897447605,392.75,501.4166666666667,0.0,113.7085,34.0,0.0,53.45166666666667,1068.3382916666667,0.0,1.75,1461.9935,3.0,0.0,0,6,2006,2011,Demag Cranes,Demag Cranes AG,MDAX,medium
DE000DTR0CK8,0.39642963997207536,0.5703535936841496,0.0,0.0,0.5703535936841496,0.03321676634377503,0.15643247103787516,1.4387259078920676,0.0,0.0,5.052535107560933,61.6125,88.6435,0.0,0.0,0.0,0.0,5.1625,155.4185,0.0,24.3125,179.731,8.0,0.5,0,1,2021,2021,Daimler Truck,Daimler Truck Holding AG,DAX and MDAX,very_low
DE000ENAG999,0.26812238855736836,0.36558327055634365,0.0,0.2968476007653297,0.713714393616053,0.014110594933835917,0.14412835011822267,2.645834996769227,1.0,0.0,7.949878363421799,742.6110833333332,1056.6349206349207,0.0,764.9874365079365,764.9874365079365,0.0,41.2979,2834.2496666666666,0.0,389.9699777777778,3409.151746031746,6.0,1.0,0,16,2006,2021,E.ON,E.ON SE,DAX,high
DE000ENER6Y0,0.2758918448008241,0.3690441063525572,0.0,0.23480671544855214,0.6038508218011094,0.12025733339806652,0.0002610511660285416,2.188298286604361,1.0,0.0,7.686812785154711,650.625,738.875,0.0,676.375,676.375,0.0,304.0,2369.875,1047.60275,0.375,3417.85325,4.0,0.5,0,2,2020,2021,Siemens Energy,Siemens Energy AG,DAX and MDAX,very_low
DE000EVNK013,0.3425396035498051,0.3549779656443925,0.0,0.25329684000995273,0.5970997286295794,0.03790356394129979,0.14185331576635923,1.7713292324150842,1.0,0.0,7.916260494844103,1032.5,753.75,0.0,634.4,634.4,0.0,90.4,2740.5,0.0,305.2,3583.0,5.0,0.0,1,11,2010,2021,Evonik,Evonik Industries AG,MDAX,high
DE000GSW1111,0.5105778584332672,0.3623538413892298,0.0,0.0,0.48784958527286265,0.0,0.0,0.9593293180249702,1.0,0.0,6.46774011618418,344.66666666666663,232.91666666666669,0.0,0.0,0.0,0.0,0.0,643.4166666666667,0.0,0.0,669.9166666666667,3.0,0.0,1,6,2008,2013,GSW Immobilien,GSW Immobilien AG,MDAX,medium
DE000KBX1006,0.4672984218008446,0.44051391682646324,0.0,0.0,0.44051391682646324,0.1066829646965327,0.08281010185572764,0.8932857142857142,0.0,0.0,7.395651699760423,748.3,687.025,0.0,0.0,0.0,0.0,180.85,1635.375,635.15,120.0,2498.4,5.0,0.0,0,4,2018,2021,Knorr Bremse,Knorr Bremse AG,MDAX,low
DE000KC01000,0.4063558218286012,0.15882191026699696,0.0,0.36387979767926215,0.562029330162505,0.023802439750074383,0.17864024222405725,1.4044871794871794,0.0,0.6894167483021321,7.2767292785078865,575.0,192.33333333333334,0.0,455.3333333333333,0.0,236.25,31.5,1445.25,0.0,216.33333333333334,1716.0,3.0,0.0,1,11,2006,2016,Klöckner,Klöckner & Co. SE,MDAX,high
DE000KD88880,0.6944267177196342,0.0,0.0,0.1801744309721336,0.3055732822803659,0.0,0.0,0.7858315098468271,0.14332985022640196,0.35667014977359807,6.861603875738073,706.15,0.0,0.0,211.75,0.0,0.0,0.0,974.725,0.0,0.0,974.725,4.0,0.0,1,8,2006,2013,Kabel Dtl.,Kabel Deutschland AG,MDAX,medium
DE000KGX8881,0.32494627507163326,0.20355686452197552,0.0,0.4907772206303725,0.6571454154727794,0.019917087238644555,0.08569126074498568,2.0223201984017636,1.0,0.0,7.535220427702432,728.4,430.0,0.0,943.0,943.0,0.0,44.2,1871.857142857143,107.0,159.5,2595.4285714285716,5.0,0.0,1,11,2011,2021,KION GROUP,KION GROUP AG,MDAX,high
DE000KSAG888,0.32801091220601664,0.42093901767666564,0.0,0.0,0.650293580941918,0.019593938410293374,0.3204312740621254,2.000260249732906,0.0,1.0,7.184563522384519,423.8,559.86,0.0,0.0,0.0,0.0,26.423333333333332,1317.93,0.0,414.99,1645.8466666666666,5.0,0.5,0,16,2006,2021,K+S,K+S AG,MDAX,high
DE000LED4000,0.28004329612970114,0.3178491411072108,0.0,0.295074195461226,0.6686891535489615,0.04766093775794414,0.22814690127053808,2.3574453333333336,1.0,0.0,7.475189754495378,650.0,634.65,0.0,544.0726666666667,544.0726666666667,0.0,103.31733333333334,1762.7363333333333,156.25,400.11225,3232.76,3.0,0.0,0,7,2013,2019,OSRAM,OSRAM Licht AG,MDAX,medium
DE000LEG1110,0.475562264216134,0.30131009174787277,0.0,0.1799022354068122,0.4812858865465377,0.030378083262232597,0.012577915622436675,1.036814080870276,1.0,0.0,6.874125903510391,437.33333333333337,287.91666666666663,0.0,169.91666666666669,161.5,0.0,27.5,966.0416666666667,0.0,10.333333333333334,987.7916666666667,3.0,0.0,0,10,2012,2021,LEG Immobilien,LEG Immobilien AG,MDAX,medium
DE000PAH0038,0.6023588192847227,0.15986051856206562,0.0814144954438413,0.0,0.2412750140059069,0.15636616670937037,0.296284852202494,0.41675858319092746,0.0,0.0,6.6531361392114015,469.5833333333333,124.91666666666667,60.0,0.0,0.0,0.0,120.65141666666666,775.1514166666667,17.5,228.399125,1021.0505416666666,3.5,0.5,0,2,2020,2021,Porsche Automobil Holding,Porsche Automobil Holding SE,DAX and MDAX,very_low
DE000PAT1AG3,0.43825548804445474,0.0,0.5430279344154383,0.0,0.5430279344154383,0.01871657754010695,0.0359920774553922,1.2393216216216216,0.0,0.0,6.086853701821637,192.5,0.0,238.6495,0.0,0.0,0.0,8.75,439.8995,0.0,16.296125,456.195625,4.0,0.0,0,2,2006,2007,PATRIZIA Immobilien,PATRIZIA Immobilien AG,MDAX,very_low
DE000PSM7770,0.44771939216026,0.3621143106852845,0.0,0.12367862082592372,0.5409346451598493,0.010331013085267765,0.07874971569610455,1.2136071210057828,1.0,0.0,7.2070532087318755,590.8928571428571,427.4466666666667,0.0,166.91666666666666,0.0,0.0,13.215,1347.9125,23.2399,105.98541666666668,2052.5216666666665,5.5,0.0,1,16,2006,2021,ProSiebenSat1,ProSiebenSat.1 Media SE,MDAX,high
DE000SHA0159,0.3105232892466935,0.3388154111558367,0.0,0.3429800968262507,0.6765382403680276,0.012938470385278896,0.17724583109198494,2.178703703703704,1.0,0.0,7.566943434950497,600.0,654.6666666666666,0.0,652.5555555555555,652.5555555555555,0.0,25.1,1932.2222222222222,0.0,323.2,2169.6666666666665,9.0,0.0,0,3,2016,2018,Schaeffler,Schaeffler,MDAX,low
DE000SHL1006,0.2852184826870559,0.16320094087147988,0.0,0.478729846886643,0.6340419595418963,0.027597949445068933,0.11963206734433701,2.2419913419913424,1.0,0.0,7.762147468933705,817.5,379.66666666666663,0.0,1073.8333333333335,1073.8333333333335,0.0,64.83333333333333,2366.8333333333335,0.0,324.54166666666663,3065.708333333333,3.0,0.0,0,4,2018,2021,Siemens Healthineers,Siemens Healthineers AG,DAX and MDAX,low
DE000SKYD000,0.445322395365424,0.07367805177540576,0.0,0.1192868719611021,0.4129355835140319,0.11042630801623143,0.0,0.9452736392530792,1.0,0.0,7.010985457743265,520.5333333333333,99.57999999999998,0.0,147.2,147.2,0.0,155.2,1114.2,25.0,0.0,1196.4166666666665,5.0,0.0,0,8,2006,2013,Sky Dtl.,Sky Deutschland AG,MDAX,medium
DE000SYM9999,0.3784240541107432,0.37375457892496666,0.0,0.04758860029275893,0.6046961348361966,0.012631460831049,0.009981984740547116,1.6206331663062423,0.0,1.0,6.948160651284008,442.5,438.64775,0.0,28.423416666666668,0.0,28.423416666666668,12.200574999999999,1041.121925,0.0,12.023625,1154.6389250000002,4.5,0.0,0,16,2006,2021,Symrise,Symrise AG,DAX and MDAX,high
DE000TLX1005,0.38697843128625,0.37272332860724244,0.09853703917019199,0.12154716406684268,0.5601957415764783,0.022628966033628954,0.14040853288608474,1.4103399683051636,1.0,0.0,7.285089248252898,559.9285714285714,498.7738095238095,160.60714285714286,181.78571428571428,181.78571428571428,0.0,33.58333333333333,1457.4285714285716,0.0,205.98809523809524,1628.7142857142858,7.0,0.0,1,12,2009,2021,Talanx,Talanx AG,MDAX,high
DE000TUAG000,0.3414667344134749,0.39835233764542916,0.02160068846815835,0.12714233350780554,0.607022389126284,0.03797537899656672,0.05150207226065724,1.7879734272989758,1.0,0.0,7.837081159502883,826.275,938.2,50.2,316.1,316.1,0.0,93.95,2541.0875,142.85714285714286,187.0,2541.0875,5.0,0.0,0,8,2006,2013,TUI,TUI AG,MDAX,medium
DE000UNSE018,0.33254875588433086,0.268440027282471,0.0,0.3000097437396473,0.645868965908398,0.015420950263962212,0.1526563550773369,1.882988819337003,1.0,0.0,7.762321340458218,688.75,622.6666666666666,0.0,769.75,769.75,0.0,28.99475,2349.35425,0.0,194.57142857142858,2757.25,4.0,0.0,0,5,2016,2021,Uniper,Uniper SE,MDAX,low
DE000WAF3001,0.33394593452017474,0.0,0.22346386623293657,0.2980467465592559,0.6292585324874556,0.02413793881877019,0.08998064932272629,1.881012881355932,1.0,0.0,7.217807268654644,455.0,0.0,247.4745,406.0875,406.0875,0.0,33.0315,1362.496,0.0,122.509,1470.2975,2.0,0.0,0,5,2017,2021,Siltronic,Siltronic AG,MDAX,low
DE000WCH8881,0.3778546119339302,0.021964412731346764,0.4737640264753666,0.07926290199189101,0.6192869454568923,0.0,0.21123959505088882,1.6465218872373732,1.0,0.0,7.33258214544055,605.3125,31.25,667.153125,110.67,110.67,0.0,0.0,1529.0631,0.0,341.69775000000004,1950.4753249999999,4.0,0.0,0,14,2006,2021,Wacker Chemie,Wacker Chemie AG,MDAX,high
DE000ZAL1111,0.6252463394390753,0.0,0.0,0.32271516997472716,0.32271516997472716,0.04049683738177674,0.0,0.9602446592521166,0.0,1.0,6.098791832048961,200.0,0.0,0.0,290.94725,0.0,201.02224999999999,13.341666666666667,560.1395833333333,0.0,0.0,560.6837499999999,3.0,0.0,1,8,2013,2021,Zalando,Zalando SE,DAX and MDAX,medium
IT0000062072,0.3481837018330353,0.6303430691265328,0.0,0.0,0.6303430691265328,0.021473229040431863,0.0,1.8110588500705656,0.0,0.0,6.991498812899886,407.5,734.125,0.0,0.0,0.0,0.0,17.875,1159.5,0.0,0.0,1159.5,3.0,0.0,1,2,2006,2007,AMB Generali,AMB Generali Holding AG,MDAX,very_low
IT0005239360,0.39230769230769236,0.5192307692307692,0.0,0.08846153846153847,0.6076923076923078,0.0,0.08070619230769231,1.55,0.0,0.0,6.992216486566809,431.8181818181818,577.2727272727273,0.0,95.45454545454545,0.0,0.0,0.0,1104.5454545454545,0.0,93.97259545454546,1198.518,10.5,0.0,1,2,2006,2007,HypoVereinsbank,Bayerische Hypo- und Vereinsbank AG,MDAX,very_low
LU0061462528,0.3076539891406276,0.627386922379304,0.0,0.0,0.6880363850257528,0.0,0.024695121951219513,1.4709656233346036,1.0,0.0,7.830986344303346,874.3015,1577.7383,0.0,0.0,0.0,0.0,0.0,2519.23325,0.0,58.333333333333336,2719.23325,3.5,0.0,1,12,2010,2021,RTL Group,RTL Group SA,MDAX,high
LU0269583422,0.35324675324675325,0.3191558441558442,0.0,0.29802955665024633,0.6211038961038962,0.02564935064935065,0.0,1.7604166666666665,0.0,0.0,6.480616195914819,230.95238095238096,282.5,0.0,175.0,0.0,0.0,18.333333333333336,651.7857142857142,0.0,0.0,651.7857142857142,5.5,0.0,1,8,2006,2013,GAGFAH,GAGFAH AG,MDAX,medium
LU0775917882,0.4751909183998411,0.0,0.0,0.5248090816001588,0.5248090816001588,0.0,0.0,1.105149287245809,1.0,0.0,6.388326550595143,309.75,0.0,0.0,281.25,281.25,0.0,0.0,596.0,0.0,0.0,596.0,2.0,0.0,0,6,2016,2021,Grand City Properties,Grand City Properties S.A.,MDAX,medium
LU1673108939,0.5246189917936694,0.0,0.0,0.4753810082063306,0.4753810082063306,0.0,0.0,0.906145251396648,1.0,0.0,6.345051394447482,304.25,0.0,0.0,270.3333333333333,270.3333333333333,0.0,0.0,568.6666666666666,0.0,0.0,568.6666666666666,4.0,0.0,0,5,2017,2021,Aroundtown,Aroundtown S.A.,MDAX,low
LU1704650164,0.2724287005986309,0.6018644754429556,0.0,0.11766897635854678,0.7195334518015024,0.00803784759986664,0.008397816836903816,3.0402874745238173,1.0,0.0,7.415582225357477,429.6496666666667,1164.935,0.0,141.3235,141.3235,0.0,12.6525,1748.5606666666667,0.0,13.203666666666667,1761.7643333333333,3.0,0.0,0,2,2020,2021,Befesa,Befesa SA,MDAX,very_low
NL0000235190,0.3034709039277566,0.38901326764059885,0.0,0.28907258158210597,0.6890617803372037,0.009757314535743265,0.1199733953044071,2.2713331111111112,1.0,0.0,8.295818325081619,1170.0,1696.0,0.0,931.8645,142.5275,0.0,30.2835,4008.174,0.0,793.8395,4953.1669999999995,1.0,0.0,0,16,2006,2021,EADS,Airbus Group SE,DAX and MDAX,high
NL0011375019,0.42484386905352606,0.2982631583498574,0.0,0.0,0.5437929433689972,0.03136276707937154,0.01811839712850254,1.2799830313674239,1.0,0.0,7.43818687205293,721.6677142857143,923.7224285714285,0.0,0.0,0.0,0.0,52.72631428571429,1698.6657142857143,0.0,29.056171428571428,1729.4414285714286,7.0,0.0,0,3,2014,2016,Steinhoff,Steinhoff International Holdings N.V.,MDAX,low
NL0012044747,0.06516018455809443,0.01028924766571503,0.0,0.92347407285774,0.933763320523455,0.001076565392749745,0.0017757409139248052,14.330274336331042,0.0,1.0,7.951176863657685,184.919,29.2,0.0,2620.7400000000002,0.0,2620.7400000000002,3.0552,2837.9139999999998,0.0,5.0394,2842.954,5.0,0.0,0,1,2020,2020,Shop Apotheke,Shop Apotheke,MDAX,very_low
NL0012169213,0.5751520619530018,0.08761646330796524,0.0,0.1823074412994836,0.38550974093411006,0.022128556375131718,0.04476418890850555,0.6702744655475333,1.0,0.0,7.03068298402913,649.8083333333333,229.5785,0.0,205.97143333333335,205.97143333333335,0.0,24.15342,1129.8026666666667,0.0,68.57115,3172.714,2.0,0.0,0,5,2017,2021,Qiagen,Qiagen N.V.,MDAX,low
