company_shortname,year,sector,total_comp_bt,pred_comp,pred_comp_low,pred_comp_high,actual_vs_expected_pct,benchmark_signal,log_n_exec,is_dax,year_centered,log_comp_lag1,sector_Auto,sector_Banking,sector_Chemicals,sector_Consumer,sector_Energy,sector_Industrials,sector_Insurance,sector_Logistics,sector_Media,sector_Pharma,sector_Real Estate,sector_Tech,sector_Telecom
Adidas,2007,Consumer,10612.0,8132.867178699459,4246.644978635665,15575.478731828689,30.48288834463645,🟡 Above Market,1.3862943611198906,1,-5,9.08398318309966,0.0,0.0,0.0,1.0,0.0,0.0,0.0,0.0,0.0,0.0,0.0,0.0,0.0
Adidas,2008,Consumer,8416.0,9243.466757348033,4826.5538865660965,17702.418682615506,-8.951909268135179,🟢 In Line,1.3862943611198906,1,-4,9.26974071525763,0.0,0.0,0.0,1.0,0.0,0.0,0.0,0.0,0.0,0.0,0.0,0.0,0.0
Adidas,2009,Consumer,10494.0,8166.7425521206,4264.3332896921975,15640.354395805549,28.49676517934434,🟡 Above Market,1.3862943611198906,1,-3,9.03788993497749,0.0,0.0,0.0,1.0,0.0,0.0,0.0,0.0,0.0,0.0,0.0,0.0,0.0
Adidas,2010,Consumer,11494.0,9479.465571163375,4949.782651481591,18154.386534118705,21.251561216329094,🟡 Above Market,1.3862943611198906,1,-2,9.258558944246657,0.0,0.0,0.0,1.0,0.0,0.0,0.0,0.0,0.0,0.0,0.0,0.0,0.0
Adidas,2011,Consumer,14529.0,10175.656024141997,5313.304350084879,19487.680113788934,42.78194905104482,🔴 Significantly Overpaid,1.3862943611198906,1,-1,9.349580439067687,0.0,0.0,0.0,1.0,0.0,0.0,0.0,0.0,0.0,0.0,0.0,0.0,0.0
Adidas,2012,Consumer,10309.0,11908.941850646646,6218.354117889323,22807.14370931028,-13.434794381498897,🟢 In Line,1.3862943611198906,1,0,9.583901931071338,0.0,0.0,0.0,1.0,0.0,0.0,0.0,0.0,0.0,0.0,0.0,0.0,0.0
Adidas,2013,Consumer,9625.0,10823.565377373954,5651.615666507183,20728.509224812355,-11.073665059385021,🟢 In Line,1.6094379124341003,1,1,9.240772579096385,0.0,0.0,0.0,1.0,0.0,0.0,0.0,0.0,0.0,0.0,0.0,0.0,0.0
Adidas,2014,Consumer,14233.19,11407.158801747293,5956.343879906599,21846.16512274325,24.774190027229476,🟡 Above Market,1.791759469228055,1,2,9.172119159155985,0.0,0.0,0.0,1.0,0.0,0.0,0.0,0.0,0.0,0.0,0.0,0.0,0.0
Adidas,2015,Consumer,7413.897,13574.710322329382,7088.149131186504,25997.30295238723,-45.38449201523885,🔵 Significantly Underpaid,1.6094379124341003,1,3,9.56333184024029,0.0,0.0,0.0,1.0,0.0,0.0,0.0,0.0,0.0,0.0,0.0,0.0,0.0
Adidas,2016,Consumer,11332.72,10062.217522091163,5254.071482446289,19270.43090299513,12.626466036134708,🟢 In Line,1.791759469228055,1,4,8.91111149097862,0.0,0.0,0.0,1.0,0.0,0.0,0.0,0.0,0.0,0.0,0.0,0.0,0.0
Adidas,2017,Consumer,33112.59,14934.235150216213,7798.036450974181,28600.966528451012,121.7227040215756,🔴 Significantly Overpaid,2.0794415416798357,1,5,9.335449395818717,0.0,0.0,0.0,1.0,0.0,0.0,0.0,0.0,0.0,0.0,0.0,0.0,0.0
Adidas,2018,Consumer,17367.91,25617.679516011805,13376.48675314601,49061.12613095094,-32.20342229223164,🟡 Below Market,1.791759469228055,1,6,10.407668851583427,0.0,0.0,0.0,1.0,0.0,0.0,0.0,0.0,0.0,0.0,0.0,0.0,0.0
Adidas,2019,Consumer,16493.6,18840.311538049235,9837.62707923414,36081.60138536015,-12.455800071617178,🟢 In Line,1.9459101490553132,1,7,9.762379529600897,0.0,0.0,0.0,1.0,0.0,0.0,0.0,0.0,0.0,0.0,0.0,0.0,0.0
Adidas,2020,Consumer,8269.964,17373.17414670625,9071.548954629672,33271.84601453808,-52.3980826407137,🔵 Significantly Underpaid,1.791759469228055,1,8,9.710727705856359,0.0,0.0,0.0,1.0,0.0,0.0,0.0,0.0,0.0,0.0,0.0,0.0,0.0
Adidas,2021,Consumer,27310.39,11641.476847123633,6078.695017449741,22294.914088151345,134.5955788826555,🔴 Significantly Overpaid,1.791759469228055,1,9,9.020385434924828,0.0,0.0,0.0,1.0,0.0,0.0,0.0,0.0,0.0,0.0,0.0,0.0,0.0
Adidas,2022,Consumer,24980.406000000003,24312.990093602417,12695.232201385348,46562.47935560439,2.745100063086053,🟢 In Line,1.791759469228055,1,10,10.215022494849125,0.0,0.0,0.0,1.0,0.0,0.0,0.0,0.0,0.0,0.0,0.0,0.0,0.0
Adidas,2023,Consumer,40598.99464,25005.776799006162,13056.976604573649,47889.2543242121,62.35846207190643,🔴 Significantly Overpaid,1.9459101490553132,1,11,10.125847036549892,0.0,0.0,0.0,1.0,0.0,0.0,0.0,0.0,0.0,0.0,0.0,0.0,0.0
Adidas,2024,Consumer,36199.109,31882.943401274948,16647.946969275443,61059.90617371261,13.537538063541687,🟢 In Line,1.791759469228055,1,12,10.61149858272165,0.0,0.0,0.0,1.0,0.0,0.0,0.0,0.0,0.0,0.0,0.0,0.0,0.0
Allianz,2007,Insurance,38823.0,32384.03456671783,22970.803669179542,45654.72370587864,19.883147728293597,🟡 Above Market,2.3978952727983707,1,-5,10.62607216874969,0.0,0.0,0.0,0.0,0.0,0.0,1.0,0.0,0.0,0.0,0.0,0.0,0.0
Allianz,2008,Insurance,26276.0,31749.52588957088,22520.73083408836,44760.199020128144,-17.239709054580967,🟡 Below Market,2.3978952727983707,1,-4,10.566768133489779,0.0,0.0,0.0,0.0,0.0,0.0,1.0,0.0,0.0,0.0,0.0,0.0,0.0
Allianz,2009,Insurance,30865.0,26460.05663825754,18768.778326881187,37303.152347270465,16.647520532414607,🟡 Above Market,2.4849066497880004,1,-3,10.176411254012363,0.0,0.0,0.0,0.0,0.0,0.0,1.0,0.0,0.0,0.0,0.0,0.0,0.0
Allianz,2010,Insurance,37836.0,27405.604566876227,19439.47906317615,38636.17740141606,38.059351720087456,🟡 Above Market,2.302585092994046,1,-2,10.337378134827997,0.0,0.0,0.0,0.0,0.0,0.0,1.0,0.0,0.0,0.0,0.0,0.0,0.0
Allianz,2011,Insurance,26715.0,31485.73031453169,22333.614051263186,44388.30236628671,-15.152039564824207,🟡 Below Market,2.302585092994046,1,-1,10.541016309333061,0.0,0.0,0.0,0.0,0.0,0.0,1.0,0.0,0.0,0.0,0.0,0.0,0.0
Allianz,2012,Insurance,39079.0,28037.992292642633,19888.04745453738,39527.71198878728,39.37873864903874,🟡 Above Market,2.4849066497880004,1,0,10.192980484391871,0.0,0.0,0.0,0.0,0.0,0.0,1.0,0.0,0.0,0.0,0.0,0.0,0.0
Allianz,2013,Insurance,41664.0,34526.511841787564,24490.51625316637,48675.16909967029,20.672485511768112,🟡 Above Market,2.3978952727983707,1,1,10.57334051729299,0.0,0.0,0.0,0.0,0.0,0.0,1.0,0.0,0.0,0.0,0.0,0.0,0.0
Allianz,2014,Insurance,30228.0,36464.28065657026,25865.024018989312,51407.01832810751,-17.10243708166114,🟡 Below Market,2.3978952727983707,1,2,10.63739272556824,0.0,0.0,0.0,0.0,0.0,0.0,1.0,0.0,0.0,0.0,0.0,0.0,0.0
Allianz,2015,Insurance,56815.0,30532.798938706543,21657.67605165466,43044.86819398403,86.07858425968087,🔴 Significantly Overpaid,2.3978952727983707,1,3,10.31652392614061,0.0,0.0,0.0,0.0,0.0,0.0,1.0,0.0,0.0,0.0,0.0,0.0,0.0
Allianz,2016,Insurance,25504.0,43579.871682917634,30912.29026123774,61438.51522645224,-41.47756976990592,🔵 Significantly Underpaid,2.302585092994046,1,4,10.94755565435211,0.0,0.0,0.0,0.0,0.0,0.0,1.0,0.0,0.0,0.0,0.0,0.0,0.0
Allianz,2017,Insurance,24072.0,26114.40652691794,18523.600079264936,36815.85789667925,-7.820995375915168,🟢 In Line,2.1972245773362196,1,5,10.146590581589942,0.0,0.0,0.0,0.0,0.0,0.0,1.0,0.0,0.0,0.0,0.0,0.0,0.0
Allianz,2018,Insurance,26929.0,26806.810835876106,19014.739730441015,37792.00332887111,0.4558138783162008,🟢 In Line,2.302585092994046,1,6,10.088804618309881,0.0,0.0,0.0,0.0,0.0,0.0,1.0,0.0,0.0,0.0,0.0,0.0,0.0
Allianz,2019,Insurance,39107.0,29144.641274747297,20673.02118738873,41087.855874296394,34.18247159516319,🟡 Above Market,2.302585092994046,1,7,10.200959051807608,0.0,0.0,0.0,0.0,0.0,0.0,1.0,0.0,0.0,0.0,0.0,0.0,0.0
Allianz,2020,Insurance,34335.0,38628.86856507462,27400.420226910694,54458.63509612493,-11.115698503675096,🟢 In Line,2.3978952727983707,1,8,10.574056758082826,0.0,0.0,0.0,0.0,0.0,0.0,1.0,0.0,0.0,0.0,0.0,0.0,0.0
Allianz,2021,Insurance,37443.25,36288.27913264415,25740.181746997103,51158.89294613553,3.182765606310777,🟢 In Line,2.3978952727983707,1,9,10.443920521054777,0.0,0.0,0.0,0.0,0.0,0.0,1.0,0.0,0.0,0.0,0.0,0.0,0.0
Allianz,2022,Insurance,58093.5,38851.064335439434,27558.029230404587,54771.88471558544,49.528722040718634,🔴 Significantly Overpaid,2.3978952727983707,1,10,10.5305817323797,0.0,0.0,0.0,0.0,0.0,0.0,1.0,0.0,0.0,0.0,0.0,0.0,0.0
Allianz,2023,Insurance,44228.0,47219.893972377984,33494.24888626232,66570.18625299398,-6.336087866118757,🟢 In Line,2.1972245773362196,1,11,10.969809060505677,0.0,0.0,0.0,0.0,0.0,0.0,1.0,0.0,0.0,0.0,0.0,0.0,0.0
Allianz,2024,Insurance,47844.0,40704.380929857885,28872.632929320214,57384.67395539973,17.540173580935093,🟡 Above Market,2.1972245773362196,1,12,10.697113351662292,0.0,0.0,0.0,0.0,0.0,0.0,1.0,0.0,0.0,0.0,0.0,0.0,0.0
BASF,2007,Chemicals,28018.0,21520.250830566394,14397.427214028477,32166.941282345248,30.19364978871202,🟡 Above Market,2.1972245773362196,1,-5,10.026457114879811,0.0,0.0,1.0,0.0,0.0,0.0,0.0,0.0,0.0,0.0,0.0,0.0,0.0
BASF,2008,Chemicals,22353.0,26027.63888681723,17412.949290243272,38904.264563736986,-14.118218340113831,🟢 In Line,2.302585092994046,1,-4,10.24060243975606,0.0,0.0,1.0,0.0,0.0,0.0,0.0,0.0,0.0,0.0,0.0,0.0,0.0
BASF,2009,Chemicals,17596.0,20978.88041168074,14035.240859273561,31357.73926079822,-16.125171340398133,🟡 Below Market,2.0794415416798357,1,-3,10.014715819221838,0.0,0.0,1.0,0.0,0.0,0.0,0.0,0.0,0.0,0.0,0.0,0.0,0.0
BASF,2010,Chemicals,25708.0,18452.199257731292,12344.846621146215,27581.035868342402,39.322146053829314,🟡 Above Market,2.0794415416798357,1,-2,9.77542688246861,0.0,0.0,1.0,0.0,0.0,0.0,0.0,0.0,0.0,0.0,0.0,0.0,0.0
BASF,2011,Chemicals,31265.0,25924.768581246255,17344.127242182414,38750.50134298965,20.598955018702927,🟡 Above Market,2.302585092994046,1,-1,10.154557506491177,0.0,0.0,1.0,0.0,0.0,0.0,0.0,0.0,0.0,0.0,0.0,0.0,0.0
BASF,2012,Chemicals,27191.0,28336.63560676275,18957.70880418111,42355.58873725084,-4.042948579574262,🟢 In Line,2.1972245773362196,1,0,10.350254540001398,0.0,0.0,1.0,0.0,0.0,0.0,0.0,0.0,0.0,0.0,0.0,0.0,0.0
BASF,2013,Chemicals,26487.0,25168.253302651858,16838.00518321491,37619.71607764418,5.239722762998386,🟢 In Line,2.0794415416798357,1,1,10.210641315177503,0.0,0.0,1.0,0.0,0.0,0.0,0.0,0.0,0.0,0.0,0.0,0.0,0.0
BASF,2014,Chemicals,27523.0,26472.126132638445,17710.319094139115,39568.65250464214,3.969737308201682,🟢 In Line,2.1972245773362196,1,2,10.184409325569693,0.0,0.0,1.0,0.0,0.0,0.0,0.0,0.0,0.0,0.0,0.0,0.0,0.0
BASF,2015,Chemicals,22671.0,27528.130806854748,18416.80483886419,41147.09323086038,-17.64424486694636,🟡 Below Market,2.1972245773362196,1,3,10.22277729773385,0.0,0.0,1.0,0.0,0.0,0.0,0.0,0.0,0.0,0.0,0.0,0.0,0.0
BASF,2016,Chemicals,21406.0,23662.12780047267,15830.3806688195,35368.466732370376,-9.534762974391517,🟢 In Line,2.0794415416798357,1,4,10.02884185368883,0.0,0.0,1.0,0.0,0.0,0.0,0.0,0.0,0.0,0.0,0.0,0.0,0.0
BASF,2017,Chemicals,30672.0,25549.552996557777,17093.10140086422,38189.65575731683,20.049067019420484,🟡 Above Market,2.302585092994046,1,5,9.971426535544321,0.0,0.0,1.0,0.0,0.0,0.0,0.0,0.0,0.0,0.0,0.0,0.0,0.0
BASF,2018,Chemicals,27131.0,29315.56836419131,19612.63207777452,43818.82784052574,-7.45190520290147,🟢 In Line,2.0794415416798357,1,6,10.331105465285425,0.0,0.0,1.0,0.0,0.0,0.0,0.0,0.0,0.0,0.0,0.0,0.0,0.0
BASF,2019,Chemicals,16571.0,26128.598155274452,17480.49282078288,39055.171302043185,-36.57906979347496,🟡 Below Market,1.9459101490553132,1,7,10.208432264538738,0.0,0.0,1.0,0.0,0.0,0.0,0.0,0.0,0.0,0.0,0.0,0.0,0.0
BASF,2020,Chemicals,22060.0,18463.167858216886,12352.184808250744,27597.430952700266,19.481121383957802,🟡 Above Market,1.791759469228055,1,8,9.715409458629793,0.0,0.0,1.0,0.0,0.0,0.0,0.0,0.0,0.0,0.0,0.0,0.0,0.0
BASF,2021,Chemicals,33210.67,23812.279673608202,15930.83491916905,35592.90307953993,39.46867101854296,🟡 Above Market,1.9459101490553132,1,9,10.001521292807494,0.0,0.0,1.0,0.0,0.0,0.0,0.0,0.0,0.0,0.0,0.0,0.0,0.0
BASF,2022,Chemicals,29071.0,28991.488645291916,19395.817032209645,43334.41651229767,0.2742575784255078,🟢 In Line,1.791759469228055,1,10,10.410626488813477,0.0,0.0,1.0,0.0,0.0,0.0,0.0,0.0,0.0,0.0,0.0,0.0,0.0
BASF,2023,Chemicals,30926.92876712329,30743.36826896235,20567.855386600462,45953.00165017642,0.5970734779450209,🟢 In Line,2.0794415416798357,1,11,10.277496392686066,0.0,0.0,1.0,0.0,0.0,0.0,0.0,0.0,0.0,0.0,0.0,0.0,0.0
BASF,2024,Chemicals,27845.180327868853,32426.425664849936,21693.85045724835,48468.71621384854,-14.12812310654124,🟢 In Line,2.0794415416798357,1,12,10.339382564503307,0.0,0.0,1.0,0.0,0.0,0.0,0.0,0.0,0.0,0.0,0.0,0.0,0.0
BMW,2007,Auto,15184.33,16285.655273576358,10757.261357615722,24655.212778854555,-6.76254811412636,🟢 In Line,2.0794415416798357,1,-5,9.581823235497907,1.0,0.0,0.0,0.0,0.0,0.0,0.0,0.0,0.0,0.0,0.0,0.0,0.0
BMW,2008,Auto,10920.48,18718.538977664884,12364.268592997125,28338.409087684322,-41.659549321502034,🔵 Significantly Underpaid,2.302585092994046,1,-4,9.628019254017126,1.0,0.0,0.0,0.0,0.0,0.0,0.0,0.0,0.0,0.0,0.0,0.0,0.0
BMW,2009,Auto,10716.5,13386.221093491593,8842.080743730192,20265.695412349774,-19.943799484901803,🟡 Below Market,1.9459101490553132,1,-3,9.298395204376813,1.0,0.0,0.0,0.0,0.0,0.0,0.0,0.0,0.0,0.0,0.0,0.0,0.0
BMW,2010,Auto,18172.35,13448.020002749756,8882.901147167337,20359.254144354454,35.13030168221229,🟡 Above Market,1.9459101490553132,1,-2,9.279539888777187,1.0,0.0,0.0,0.0,0.0,0.0,0.0,0.0,0.0,0.0,0.0,0.0,0.0
BMW,2011,Auto,27249.09,18789.619489957986,12411.219829243093,28446.019443274974,45.022042700562054,🔴 Significantly Overpaid,1.9459101490553132,1,-1,9.80765648709443,1.0,0.0,0.0,0.0,0.0,0.0,0.0,0.0,0.0,0.0,0.0,0.0,0.0
BMW,2012,Auto,31375.79,25807.987788644583,17047.10465086728,39071.282035271724,21.57394934061938,🟡 Above Market,2.0794415416798357,1,0,10.212775405038368,1.0,0.0,0.0,0.0,0.0,0.0,0.0,0.0,0.0,0.0,0.0,0.0,0.0
BMW,2013,Auto,34495.96,30025.794173542883,19833.11754847466,45456.71216582381,14.887752179411082,🟢 In Line,2.1972245773362196,1,1,10.35379185539996,1.0,0.0,0.0,0.0,0.0,0.0,0.0,0.0,0.0,0.0,0.0,0.0,0.0
BMW,2014,Auto,35437.18,32304.586438305305,21338.341843105034,48906.62604541358,9.697055146263098,🟢 In Line,2.1972245773362196,1,2,10.448597494713265,1.0,0.0,0.0,0.0,0.0,0.0,0.0,0.0,0.0,0.0,0.0,0.0,0.0
BMW,2015,Auto,35472.91,33362.11183607051,22036.875424037116,50507.637074011756,6.326932102803334,🟢 In Line,2.1972245773362196,1,3,10.475516830446974,1.0,0.0,0.0,0.0,0.0,0.0,0.0,0.0,0.0,0.0,0.0,0.0,0.0
BMW,2016,Auto,37625.0,33920.03497296124,22405.403733164007,51352.28921868818,10.922645068002156,🟢 In Line,2.1972245773362196,1,4,10.47652458556402,1.0,0.0,0.0,0.0,0.0,0.0,0.0,0.0,0.0,0.0,0.0,0.0,0.0
BMW,2017,Auto,40262.73,33958.94640128335,22431.106131822668,51411.19808840785,18.562953998120587,🟡 Above Market,2.0794415416798357,1,5,10.535424002051176,1.0,0.0,0.0,0.0,0.0,0.0,0.0,0.0,0.0,0.0,0.0,0.0,0.0
BMW,2018,Auto,24014.55,37801.328648076786,24969.137876341032,57228.26533445803,-36.47167742813774,🟡 Below Market,2.1972245773362196,1,6,10.60318150613478,1.0,0.0,0.0,0.0,0.0,0.0,0.0,0.0,0.0,0.0,0.0,0.0,0.0
BMW,2019,Auto,25067.06,29421.101948699896,19433.696573740635,44541.255267174325,-14.799044428355607,🟢 In Line,2.302585092994046,1,7,10.08641517563479,1.0,0.0,0.0,0.0,0.0,0.0,0.0,0.0,0.0,0.0,0.0,0.0,0.0
BMW,2020,Auto,18833.31,27887.136021226186,18420.456877927747,42218.95041041238,-32.465958549256904,🟡 Below Market,2.0794415416798357,1,8,10.129309912636073,1.0,0.0,0.0,0.0,0.0,0.0,0.0,0.0,0.0,0.0,0.0,0.0,0.0
BMW,2021,Auto,32552.51,22524.917432196486,14878.518537107722,34100.969398388675,44.517777248188054,🔴 Significantly Overpaid,1.9459101490553132,1,9,9.843382389527601,1.0,0.0,0.0,0.0,0.0,0.0,0.0,0.0,0.0,0.0,0.0,0.0,0.0
BMW,2022,Auto,42171.965,31836.712344948945,21029.294167703356,48198.30113421819,32.463316384773606,🟡 Above Market,1.9459101490553132,1,10,10.390609756798904,1.0,0.0,0.0,0.0,0.0,0.0,0.0,0.0,0.0,0.0,0.0,0.0,0.0
BMW,2023,Auto,39295.231,42105.17052899963,27811.98031511338,63743.9465003775,-6.673621062915079,🟢 In Line,2.1972245773362196,1,11,10.649510942761943,1.0,0.0,0.0,0.0,0.0,0.0,0.0,0.0,0.0,0.0,0.0,0.0,0.0
BMW,2024,Auto,22257.394,36822.28174978834,24322.442168410882,55746.06463744682,-39.55454973909122,🟡 Below Market,1.9459101490553132,1,12,10.578858441893507,1.0,0.0,0.0,0.0,0.0,0.0,0.0,0.0,0.0,0.0,0.0,0.0,0.0
Bayer,2007,Pharma,9708.0,9016.171406927968,6454.2680094648285,12594.975405405568,7.673196990692031,🟢 In Line,1.3862943611198906,1,-5,9.093694189856862,0.0,0.0,0.0,0.0,0.0,0.0,0.0,0.0,0.0,1.0,0.0,0.0,0.0
Bayer,2008,Pharma,9787.0,9654.958691346508,6911.54684197543,13487.31759516864,1.3676009693530542,🟢 In Line,1.3862943611198906,1,-4,9.180705566846491,0.0,0.0,0.0,0.0,0.0,0.0,0.0,0.0,0.0,1.0,0.0,0.0,0.0
Bayer,2009,Pharma,9424.0,9858.525386102865,7057.2710020938675,13771.686358593648,-4.407610358394944,🟢 In Line,1.3862943611198906,1,-3,9.18881025342582,0.0,0.0,0.0,0.0,0.0,0.0,0.0,0.0,0.0,1.0,0.0,0.0,0.0
Bayer,2010,Pharma,14985.0,11644.739712241468,8335.940790290837,16266.905725121218,28.68471404515038,🟡 Above Market,1.791759469228055,1,-2,9.151014905891367,0.0,0.0,0.0,0.0,0.0,0.0,0.0,0.0,0.0,1.0,0.0,0.0,0.0
Bayer,2011,Pharma,11155.0,13160.225222765921,9420.808103468748,18383.93543438753,-15.237012960059943,🟡 Below Market,1.3862943611198906,1,-1,9.614804979750764,0.0,0.0,0.0,0.0,0.0,0.0,0.0,0.0,0.0,1.0,0.0,0.0,0.0
Bayer,2012,Pharma,12997.0,11191.679852161007,8011.615793647249,15634.01205691686,16.130913068339805,🟡 Above Market,1.3862943611198906,1,0,9.319643106866632,0.0,0.0,0.0,0.0,0.0,0.0,0.0,0.0,0.0,1.0,0.0,0.0,0.0
Bayer,2013,Pharma,13563.0,13718.00800702536,9820.099489822567,19163.119872241954,-1.1299600273303307,🟢 In Line,1.6094379124341003,1,1,9.47247384058159,0.0,0.0,0.0,0.0,0.0,0.0,0.0,0.0,0.0,1.0,0.0,0.0,0.0
Bayer,2014,Pharma,15198.0,15461.229031211726,11067.992323934748,21598.280533555742,-1.7025103934515347,🟢 In Line,1.791759469228055,1,2,9.515100775962715,0.0,0.0,0.0,0.0,0.0,0.0,0.0,0.0,0.0,1.0,0.0,0.0,0.0
Bayer,2015,Pharma,16790.0,15564.809019451497,11142.140537665802,21742.974699792387,7.871545221129084,🟢 In Line,1.6094379124341003,1,3,9.62891911922973,0.0,0.0,0.0,0.0,0.0,0.0,0.0,0.0,0.0,1.0,0.0,0.0,0.0
Bayer,2016,Pharma,28445.0,20532.157521014924,14698.039940916799,28682.021151282435,38.538777383166774,🟡 Above Market,2.0794415416798357,1,4,9.728538750071586,0.0,0.0,0.0,0.0,0.0,0.0,0.0,0.0,0.0,1.0,0.0,0.0,0.0
Bayer,2017,Pharma,24324.0,27080.706658049356,19385.849133529628,37829.89685145627,-10.179596466438454,🟢 In Line,1.9459101490553132,1,5,10.255727677184748,0.0,0.0,0.0,0.0,0.0,0.0,0.0,0.0,0.0,1.0,0.0,0.0,0.0
Bayer,2018,Pharma,23482.0,29162.63976466381,20876.210578692728,40738.21514866166,-19.47916858866462,🟡 Below Market,2.302585092994046,1,6,10.09921879624,0.0,0.0,0.0,0.0,0.0,0.0,0.0,0.0,0.0,1.0,0.0,0.0,0.0
Bayer,2019,Pharma,26075.0,24906.849875723095,17829.683699879435,34793.16746017219,4.690075742639417,🟢 In Line,1.9459101490553132,1,7,10.063989449190156,0.0,0.0,0.0,0.0,0.0,0.0,0.0,0.0,0.0,1.0,0.0,0.0,0.0
Bayer,2020,Pharma,15951.0,23346.52102141324,16712.715071612372,32613.494663659403,-31.677186569382766,🟡 Below Market,1.6094379124341003,1,8,10.168732279868973,0.0,0.0,0.0,0.0,0.0,0.0,0.0,0.0,0.0,1.0,0.0,0.0,0.0
Bayer,2021,Pharma,27936.0,19067.413373759187,13649.496067358756,26635.873659485405,46.511744683974136,🔴 Significantly Overpaid,1.791759469228055,1,9,9.677276802172448,0.0,0.0,0.0,0.0,0.0,0.0,0.0,0.0,0.0,1.0,0.0,0.0,0.0
Bayer,2022,Pharma,28016.0,27164.735301694862,19446.001426790506,37947.27912518407,3.1337124726263244,🟢 In Line,1.791759469228055,1,10,10.237671458639328,0.0,0.0,0.0,0.0,0.0,0.0,0.0,0.0,0.0,1.0,0.0,0.0,0.0
Bayer,2023,Pharma,31079.013698630137,31268.275856372115,22383.53991538266,43679.644896483696,-0.6052849175673632,🟢 In Line,2.0794415416798357,1,11,10.240531054525633,0.0,0.0,0.0,0.0,0.0,0.0,0.0,0.0,0.0,1.0,0.0,0.0,0.0
Bayer,2024,Pharma,26216.0,31946.761442036557,22869.236960480106,44627.44290061209,-17.938473833832308,🟡 Below Market,1.9459101490553132,1,12,10.344288069699731,0.0,0.0,0.0,0.0,0.0,0.0,0.0,0.0,0.0,1.0,0.0,0.0,0.0
Daimler,2007,Auto,32988.49,26257.510245695383,17344.030410094107,39751.823999428576,25.63449348899362,🟡 Above Market,2.1972245773362196,1,-5,10.290381275058857,1.0,0.0,0.0,0.0,0.0,0.0,0.0,0.0,0.0,0.0,0.0,0.0,0.0
Daimler,2008,Auto,16760.0,24024.25764006092,15868.886699090664,36370.85361439368,-30.23717839234137,🟡 Below Market,1.791759469228055,1,-4,10.40391399172919,1.0,0.0,0.0,0.0,0.0,0.0,0.0,0.0,0.0,0.0,0.0,0.0,0.0
Daimler,2009,Auto,12080.0,17332.05116598948,11448.443499760595,26239.374603784265,-30.30253670318912,🟡 Below Market,1.9459101490553132,1,-3,9.726750374036074,1.0,0.0,0.0,0.0,0.0,0.0,0.0,0.0,0.0,0.0,0.0,0.0,0.0
Daimler,2010,Auto,25985.0,13533.415267888464,8939.3077927931,20488.53592006032,92.00622670358862,🔴 Significantly Overpaid,1.791759469228055,1,-2,9.399306471488806,1.0,0.0,0.0,0.0,0.0,0.0,0.0,0.0,0.0,0.0,0.0,0.0,0.0
Daimler,2011,Auto,29233.0,23312.18616886869,15398.537868034105,35292.83290591893,25.397934746411803,🟡 Above Market,1.9459101490553132,1,-1,10.165274727442542,1.0,0.0,0.0,0.0,0.0,0.0,0.0,0.0,0.0,0.0,0.0,0.0,0.0
Daimler,2012,Auto,27250.0,26925.322734966638,17785.144590904914,40762.84005882375,1.2058435407785082,🟢 In Line,2.0794415416798357,1,0,10.283053487118604,1.0,0.0,0.0,0.0,0.0,0.0,0.0,0.0,0.0,0.0,0.0,0.0,0.0
Daimler,2013,Auto,32421.29,26224.16713123741,17322.006083121934,39701.34512290434,23.631342943131155,🟡 Above Market,2.0794415416798357,1,1,10.21280880009139,1.0,0.0,0.0,0.0,0.0,0.0,0.0,0.0,0.0,0.0,0.0,0.0,0.0
Daimler,2014,Auto,29450.0,29590.41531749827,19545.534146678685,44797.582511236884,-0.474529728601804,🟢 In Line,2.0794415416798357,1,2,10.386570584750986,1.0,0.0,0.0,0.0,0.0,0.0,0.0,0.0,0.0,0.0,0.0,0.0,0.0
Daimler,2015,Auto,35846.0,28373.596601806137,18741.781596986893,42955.41381463191,26.33576385490094,🟡 Above Market,2.0794415416798357,1,3,10.290449189079732,1.0,0.0,0.0,0.0,0.0,0.0,0.0,0.0,0.0,0.0,0.0,0.0,0.0
Daimler,2016,Auto,31127.0,32458.553567137104,21440.04267230118,49139.72027825397,-4.102319483777751,🟢 In Line,2.0794415416798357,1,4,10.486987263791542,1.0,0.0,0.0,0.0,0.0,0.0,0.0,0.0,0.0,0.0,0.0,0.0,0.0
Daimler,2017,Auto,33971.0,31854.050979796546,21040.74695996174,48224.550476002805,6.645776455704583,🟢 In Line,2.1972245773362196,1,5,10.345830888730728,1.0,0.0,0.0,0.0,0.0,0.0,0.0,0.0,0.0,0.0,0.0,0.0,0.0
Daimler,2018,Auto,26286.0,32444.08655276461,21430.48668870365,49117.81834605433,-18.980613131917163,🟡 Below Market,2.0794415416798357,1,6,10.433262498460529,1.0,0.0,0.0,0.0,0.0,0.0,0.0,0.0,0.0,0.0,0.0,0.0,0.0
Daimler,2019,Auto,30097.0,31069.178820262645,20522.310654477526,47036.31519947052,-3.129077938901336,🟢 In Line,2.302585092994046,1,7,10.176791757041954,1.0,0.0,0.0,0.0,0.0,0.0,0.0,0.0,0.0,0.0,0.0,0.0,0.0
Daimler,2020,Auto,23984.0,31138.683644606524,20568.221092130923,47141.540086315305,-22.976833980089502,🟡 Below Market,2.0794415416798357,1,8,10.312180777995717,1.0,0.0,0.0,0.0,0.0,0.0,0.0,0.0,0.0,0.0,0.0,0.0,0.0
Daimler,2021,Auto,29840.0,30353.10726424574,20049.31962344873,45952.23867433816,-1.690460419023234,🟢 In Line,2.302585092994046,1,9,10.085142220342378,1.0,0.0,0.0,0.0,0.0,0.0,0.0,0.0,0.0,0.0,0.0,0.0,0.0
Deutsche Bank,2007,Banking,33182.39,19157.69819042375,9484.997050201351,38694.5191456411,73.2065599435463,🔴 Significantly Overpaid,1.6094379124341003,1,-5,10.401274744168617,0.0,1.0,0.0,0.0,0.0,0.0,0.0,0.0,0.0,0.0,0.0,0.0,0.0
Deutsche Bank,2008,Banking,4476.684,19566.284517029057,9687.2885814742,39519.777549877734,-77.12041856437371,🔵 Significantly Underpaid,1.6094379124341003,1,-4,10.409774592494486,0.0,1.0,0.0,0.0,0.0,0.0,0.0,0.0,0.0,0.0,0.0,0.0,0.0
Deutsche Bank,2009,Banking,38978.97,7262.046782766555,3595.4471997787227,14667.806407596732,436.74908969879345,🔴 Significantly Overpaid,2.0794415416798357,1,-3,8.406637872770196,0.0,1.0,0.0,0.0,0.0,0.0,0.0,0.0,0.0,0.0,0.0,0.0,0.0
Deutsche Bank,2010,Banking,50575.64,27215.422789077013,13474.385195368206,54969.42731330105,85.83448213157531,🔴 Significantly Overpaid,2.0794415416798357,1,-2,10.570777548905356,0.0,1.0,0.0,0.0,0.0,0.0,0.0,0.0,0.0,0.0,0.0,0.0,0.0
Deutsche Bank,2011,Banking,41028.34,30561.692428726965,15131.126905451285,61728.18785702004,34.247604564709036,🟡 Above Market,1.9459101490553132,1,-1,10.831225316429434,0.0,1.0,0.0,0.0,0.0,0.0,0.0,0.0,0.0,0.0,0.0,0.0,0.0
Deutsche Bank,2012,Banking,27736.72,31881.73142381857,15784.679636585404,64394.38886200806,-13.001211787142362,🟢 In Line,2.302585092994046,1,0,10.62201832641646,0.0,1.0,0.0,0.0,0.0,0.0,0.0,0.0,0.0,0.0,0.0,0.0,0.0
Deutsche Bank,2013,Banking,40089.76,21964.44644218938,10874.621138859464,44363.56001294257,82.5211489190798,🔴 Significantly Overpaid,1.9459101490553132,1,1,10.230512446070328,0.0,1.0,0.0,0.0,0.0,0.0,0.0,0.0,0.0,0.0,0.0,0.0,0.0
Deutsche Bank,2014,Banking,31709.67,27870.097755233415,13798.51547767624,56291.73298699486,13.776673043945792,🟢 In Line,1.9459101490553132,1,2,10.598876219088327,0.0,1.0,0.0,0.0,0.0,0.0,0.0,0.0,0.0,0.0,0.0,0.0,0.0
Deutsche Bank,2015,Banking,23913.88,30954.81320957879,15325.761428330254,62522.20911312398,-22.745842987028634,🟡 Below Market,2.4849066497880004,1,3,10.36437696066651,0.0,1.0,0.0,0.0,0.0,0.0,0.0,0.0,0.0,0.0,0.0,0.0,0.0
Deutsche Bank,2016,Banking,26691.18,27455.25253747489,13593.125162638464,55453.83293963641,-2.782973991705137,🟢 In Line,2.5649493574615367,1,4,10.082214322485836,0.0,1.0,0.0,0.0,0.0,0.0,0.0,0.0,0.0,0.0,0.0,0.0,0.0
Deutsche Bank,2017,Banking,36344.62,29808.6127604061,14758.276348897441,60207.12539145719,21.926573008038428,🟡 Above Market,2.5649493574615367,1,5,10.192088452736378,0.0,1.0,0.0,0.0,0.0,0.0,0.0,0.0,0.0,0.0,0.0,0.0,0.0
Deutsche Bank,2018,Banking,51984.07,35259.49076391787,17457.011931346504,71216.75197451252,47.43284396267262,🔴 Significantly Overpaid,2.4849066497880004,1,6,10.500801466505708,0.0,1.0,0.0,0.0,0.0,0.0,0.0,0.0,0.0,0.0,0.0,0.0,0.0
Deutsche Bank,2019,Banking,37649.15,41124.60688542719,20360.83725308646,83063.05239115619,-8.451039775552822,🟢 In Line,2.302585092994046,1,7,10.85869260447615,0.0,1.0,0.0,0.0,0.0,0.0,0.0,0.0,0.0,0.0,0.0,0.0,0.0
Deutsche Bank,2020,Banking,40085.76,35829.05945202702,17739.006003541603,72367.16087477453,11.880581330002409,🟢 In Line,2.3978952727983707,1,8,10.536065656611967,0.0,1.0,0.0,0.0,0.0,0.0,0.0,0.0,0.0,0.0,0.0,0.0,0.0
Deutsche Bank,2021,Banking,45902.34,37809.33299944989,18719.441574099168,76366.89674767097,21.404786486627135,🟡 Above Market,2.3978952727983707,1,9,10.598776438007935,0.0,1.0,0.0,0.0,0.0,0.0,0.0,0.0,0.0,0.0,0.0,0.0,0.0
Deutsche Bank,2022,Banking,58583.739,41689.412181809996,20640.472964896915,84203.84024245288,40.524262478235116,🔴 Significantly Overpaid,2.3978952727983707,1,10,10.734271375141338,0.0,1.0,0.0,0.0,0.0,0.0,0.0,0.0,0.0,0.0,0.0,0.0,0.0
Deutsche Bank,2023,Banking,78290.919,49074.51602826476,24296.845849718145,99120.19602480017,59.53477555419572,🔴 Significantly Overpaid,2.3978952727983707,1,11,10.978212445589646,0.0,1.0,0.0,0.0,0.0,0.0,0.0,0.0,0.0,0.0,0.0,0.0,0.0
Deutsche Bank,2024,Banking,79943.519,57022.71300510106,28232.006751114728,115173.8814433988,40.1959233206749,🔴 Significantly Overpaid,2.302585092994046,1,12,11.268186898241547,0.0,1.0,0.0,0.0,0.0,0.0,0.0,0.0,0.0,0.0,0.0,0.0,0.0
Deutsche Telekom,2007,Telecom,10249.06,11978.590468449933,10211.982214286738,14050.81076327173,-14.438514055600232,🟢 In Line,1.9459101490553132,1,-5,9.352252175655606,0.0,0.0,0.0,0.0,0.0,0.0,0.0,0.0,0.0,0.0,0.0,0.0,1.0
Deutsche Telekom,2008,Telecom,14910.49,11340.161252596065,9667.708844681809,13301.937336023868,31.483932793165458,🟡 Above Market,1.9459101490553132,1,-4,9.234941273044107,0.0,0.0,0.0,0.0,0.0,0.0,0.0,0.0,0.0,0.0,0.0,0.0,1.0
Deutsche Telekom,2009,Telecom,13711.62,16084.315856481682,13712.19325746061,18866.8006433114,-14.75161192837138,🟢 In Line,2.1972245773362196,1,-3,9.609820271068545,0.0,0.0,0.0,0.0,0.0,0.0,0.0,0.0,0.0,0.0,0.0,0.0,1.0
Deutsche Telekom,2010,Telecom,14384.0,15537.726439265221,13246.215109043775,18225.654718275924,-7.425323413788852,🟢 In Line,2.1972245773362196,1,-2,9.52599892750139,0.0,0.0,0.0,0.0,0.0,0.0,0.0,0.0,0.0,0.0,0.0,0.0,1.0
Deutsche Telekom,2011,Telecom,17111.49,16250.428619101236,13853.807630362402,19061.649861930164,5.298699505603492,🟢 In Line,2.1972245773362196,1,-1,9.573871756711402,0.0,0.0,0.0,0.0,0.0,0.0,0.0,0.0,0.0,0.0,0.0,0.0,1.0
Deutsche Telekom,2012,Telecom,17943.1,18334.98788480101,15630.935098074166,21506.824679811914,-2.1373773861387155,🟢 In Line,2.1972245773362196,1,0,9.747505446671541,0.0,0.0,0.0,0.0,0.0,0.0,0.0,0.0,0.0,0.0,0.0,0.0,1.0
Deutsche Telekom,2013,Telecom,15563.92,17218.28757263626,14678.926282299824,20196.942285314817,-9.60820038379092,🟢 In Line,1.9459101490553132,1,1,9.794960918901172,0.0,0.0,0.0,0.0,0.0,0.0,0.0,0.0,0.0,0.0,0.0,0.0,1.0
Deutsche Telekom,2014,Telecom,13644.69,16057.263216686226,13689.130353927148,18835.068068146225,-15.024809546493275,🟡 Below Market,1.9459101490553132,1,2,9.652710694024414,0.0,0.0,0.0,0.0,0.0,0.0,0.0,0.0,0.0,0.0,0.0,0.0,1.0
Deutsche Telekom,2015,Telecom,16353.23,15070.970808918275,12848.296822407667,17678.15331967896,8.508139305285797,🟢 In Line,1.9459101490553132,1,3,9.521105713939692,0.0,0.0,0.0,0.0,0.0,0.0,0.0,0.0,0.0,0.0,0.0,0.0,1.0
Deutsche Telekom,2016,Telecom,16746.84,17080.71371491452,14561.641882945361,20035.569021414296,-1.9546824593341696,🟢 In Line,1.9459101490553132,1,4,9.702180710331092,0.0,0.0,0.0,0.0,0.0,0.0,0.0,0.0,0.0,0.0,0.0,0.0,1.0
Deutsche Telekom,2017,Telecom,20141.09,18640.840019723313,15891.680013784802,21865.58729722128,8.048188701202937,🟢 In Line,2.0794415416798357,1,5,9.725964862738877,0.0,0.0,0.0,0.0,0.0,0.0,0.0,0.0,0.0,0.0,0.0,0.0,1.0
Deutsche Telekom,2018,Telecom,21350.97,21170.984247816483,18048.67736041929,24833.430454256908,0.8501529738849132,🟢 In Line,2.0794415416798357,1,6,9.910517285959992,0.0,0.0,0.0,0.0,0.0,0.0,0.0,0.0,0.0,0.0,0.0,0.0,1.0
Deutsche Telekom,2019,Telecom,23021.98,23432.901618754637,19977.00607514124,27486.645206436493,-1.7536096273529953,🟢 In Line,2.1972245773362196,1,7,9.96885245087998,0.0,0.0,0.0,0.0,0.0,0.0,0.0,0.0,0.0,0.0,0.0,0.0,1.0
Deutsche Telekom,2020,Telecom,24048.08,26065.24076376665,22221.126583446086,30574.362353853296,-7.738891737269923,🟢 In Line,2.302585092994046,1,8,10.044204690740376,0.0,0.0,0.0,0.0,0.0,0.0,0.0,0.0,0.0,0.0,0.0,0.0,1.0
Deutsche Telekom,2021,Telecom,23272.27,24716.839883456094,21071.588510187135,28992.696660199745,-5.8444764390086865,🟢 In Line,2.0794415416798357,1,9,10.087810438667196,0.0,0.0,0.0,0.0,0.0,0.0,0.0,0.0,0.0,0.0,0.0,0.0,1.0
Deutsche Telekom,2022,Telecom,31692.951,24623.111143698396,20991.682929819046,28882.75344201526,28.71221193391289,🟡 Above Market,2.0794415416798357,1,10,10.055017802032795,0.0,0.0,0.0,0.0,0.0,0.0,0.0,0.0,0.0,0.0,0.0,0.0,1.0
Deutsche Telekom,2023,Telecom,32209.555,30141.781935174746,25696.457512228902,35356.119332606846,6.860155346065365,🟢 In Line,2.0794415416798357,1,11,10.363849569207803,0.0,0.0,0.0,0.0,0.0,0.0,0.0,0.0,0.0,0.0,0.0,0.0,1.0
Deutsche Telekom,2024,Telecom,32340.915,30927.340602435095,26366.161611343963,36277.5746746352,4.570630290318613,🟢 In Line,2.0794415416798357,1,12,10.380018426644586,0.0,0.0,0.0,0.0,0.0,0.0,0.0,0.0,0.0,0.0,0.0,0.0,1.0
E.ON,2007,Energy,20430.39,17705.47690823319,14121.93216305771,22198.37263969002,15.390227023479392,🟡 Above Market,1.9459101490553132,1,-5,9.915190801575658,0.0,0.0,0.0,0.0,1.0,0.0,0.0,0.0,0.0,0.0,0.0,0.0,0.0
E.ON,2008,Energy,18944.92,16940.969002977097,13512.158767395742,21239.865198471532,11.82902227535355,🟢 In Line,1.791759469228055,1,-4,9.92477877720362,0.0,0.0,0.0,0.0,1.0,0.0,0.0,0.0,0.0,0.0,0.0,0.0,0.0
E.ON,2009,Energy,16084.98,15214.449496569818,12135.082539850482,19075.22859638709,5.721735141494589,🟢 In Line,1.6094379124341003,1,-3,9.84929110069372,0.0,0.0,0.0,0.0,1.0,0.0,0.0,0.0,0.0,0.0,0.0,0.0,0.0
E.ON,2010,Energy,15378.33,18007.79979075059,14363.06564171964,22577.412189904324,-14.601838210691195,🟢 In Line,2.1972245773362196,1,-2,9.685641196277887,0.0,0.0,0.0,0.0,1.0,0.0,0.0,0.0,0.0,0.0,0.0,0.0,0.0
E.ON,2011,Energy,17562.18,14974.574121886622,11943.757347853596,18774.483071039125,17.279996459674738,🟡 Above Market,1.791759469228055,1,-1,9.640714654589347,0.0,0.0,0.0,0.0,1.0,0.0,0.0,0.0,0.0,0.0,0.0,0.0,0.0
E.ON,2012,Energy,22023.0,16484.369631666355,13147.97397978651,20667.400359261763,33.59928521436437,🟡 Above Market,1.791759469228055,1,0,9.773503005269534,0.0,0.0,0.0,0.0,1.0,0.0,0.0,0.0,0.0,0.0,0.0,0.0,0.0
E.ON,2013,Energy,18288.23,22833.404379697287,18211.979794331728,28627.549637906362,-19.905811258432877,🟡 Below Market,2.1972245773362196,1,1,9.99984264077889,0.0,0.0,0.0,0.0,1.0,0.0,0.0,0.0,0.0,0.0,0.0,0.0,0.0
E.ON,2014,Energy,17068.76,17440.545783082427,13910.62244253152,21866.213281857963,-2.131732502563458,🟢 In Line,1.791759469228055,1,2,9.81401296250844,0.0,0.0,0.0,0.0,1.0,0.0,0.0,0.0,0.0,0.0,0.0,0.0,0.0
E.ON,2015,Energy,14850.85,18157.005765438786,14482.072696078612,22764.480284334277,-18.20870581939196,🟡 Below Market,1.9459101490553132,1,3,9.745005171087827,0.0,0.0,0.0,0.0,1.0,0.0,0.0,0.0,0.0,0.0,0.0,0.0,0.0
E.ON,2016,Energy,12433.22,14691.210739333366,11717.746013244989,18419.214134146765,-15.369670882794962,🟡 Below Market,1.6094379124341003,1,4,9.605812381649992,0.0,0.0,0.0,0.0,1.0,0.0,0.0,0.0,0.0,0.0,0.0,0.0,0.0
E.ON,2017,Energy,14013.79,13410.910610757215,10696.575464842592,16814.02837766705,4.4954396218195765,🟢 In Line,1.6094379124341003,1,5,9.428127201640752,0.0,0.0,0.0,0.0,1.0,0.0,0.0,0.0,0.0,0.0,0.0,0.0,0.0
E.ON,2018,Energy,15941.47,14646.715289680325,11682.256332576022,18363.427635014996,8.839898125362774,🟢 In Line,1.6094379124341003,1,6,9.547797123803218,0.0,0.0,0.0,0.0,1.0,0.0,0.0,0.0,0.0,0.0,0.0,0.0,0.0
E.ON,2019,Energy,15610.4,16085.515744263357,12829.84713293169,20167.334347640037,-2.953686731697117,🟢 In Line,1.6094379124341003,1,7,9.676679168920232,0.0,0.0,0.0,0.0,1.0,0.0,0.0,0.0,0.0,0.0,0.0,0.0,0.0
E.ON,2020,Energy,14118.53,16139.019591534574,12872.521933816346,20234.41519191999,-12.519283343545752,🟢 In Line,1.6094379124341003,1,8,9.655692637780788,0.0,0.0,0.0,0.0,1.0,0.0,0.0,0.0,0.0,0.0,0.0,0.0,0.0
E.ON,2021,Energy,15859.75,17822.80080946601,14215.509996792576,22345.46834869616,-11.014266671394314,🟢 In Line,1.9459101490553132,1,9,9.55524339797893,0.0,0.0,0.0,0.0,1.0,0.0,0.0,0.0,0.0,0.0,0.0,0.0,0.0
E.ON,2022,Energy,21508.0,16823.073459907013,13418.124990717952,21092.052789283538,27.848220191501692,🟡 Above Market,1.6094379124341003,1,10,9.671539732139005,0.0,0.0,0.0,0.0,1.0,0.0,0.0,0.0,0.0,0.0,0.0,0.0,0.0
E.ON,2023,Energy,22206.0,20541.568014908135,16384.00544265916,25754.142843022182,8.102750402909342,🟢 In Line,1.6094379124341003,1,11,9.976180237929569,0.0,0.0,0.0,0.0,1.0,0.0,0.0,0.0,0.0,0.0,0.0,0.0,0.0
E.ON,2024,Energy,19336.0,23003.12627271724,18347.35039588265,28840.339716699356,-15.94186037689416,🟡 Below Market,1.791759469228055,1,12,10.008117801614212,0.0,0.0,0.0,0.0,1.0,0.0,0.0,0.0,0.0,0.0,0.0,0.0,0.0
Henkel,2007,Chemicals,16218.5,15347.98275631665,10268.071053445865,22941.073689701567,5.671867485810661,🟢 In Line,1.9459101490553132,1,-5,9.644127271588797,0.0,0.0,1.0,0.0,0.0,0.0,0.0,0.0,0.0,0.0,0.0,0.0,0.0
Henkel,2008,Chemicals,13270.0,16070.460284888853,10751.42125755293,24020.98174571675,-17.426136123320266,🟡 Below Market,1.9459101490553132,1,-4,9.69390784497131,0.0,0.0,1.0,0.0,0.0,0.0,0.0,0.0,0.0,0.0,0.0,0.0,0.0
Henkel,2009,Chemicals,10567.7,12529.855549452708,8382.694267638713,18728.73745333131,-15.65984174125944,🟡 Below Market,1.6094379124341003,1,-3,9.493261127326253,0.0,0.0,1.0,0.0,0.0,0.0,0.0,0.0,0.0,0.0,0.0,0.0,0.0
Henkel,2010,Chemicals,17676.0,11098.038568888014,7424.783464284585,16588.55920431797,59.27138737427433,🔴 Significantly Overpaid,1.6094379124341003,1,-2,9.265557458214063,0.0,0.0,1.0,0.0,0.0,0.0,0.0,0.0,0.0,0.0,0.0,0.0,0.0
Henkel,2011,Chemicals,21992.19,17757.579682779917,11880.133879155437,26542.767901256608,23.846776378689245,🟡 Above Market,1.9459101490553132,1,-1,9.77996306625063,0.0,0.0,1.0,0.0,0.0,0.0,0.0,0.0,0.0,0.0,0.0,0.0,0.0
Henkel,2012,Chemicals,25335.0,20584.73714631222,13771.552065879818,30768.601923424198,23.07662623974187,🟡 Above Market,1.9459101490553132,1,0,9.998442669313036,0.0,0.0,1.0,0.0,0.0,0.0,0.0,0.0,0.0,0.0,0.0,0.0,0.0
Henkel,2013,Chemicals,26944.13,21326.7820014872,14267.993156461886,31877.75782839985,26.33940740858644,🟡 Above Market,1.791759469228055,1,1,10.13994211791001,0.0,0.0,1.0,0.0,0.0,0.0,0.0,0.0,0.0,0.0,0.0,0.0,0.0
Henkel,2014,Chemicals,27566.82,22490.15304284525,15046.308893705558,33616.68216862141,22.572843090410984,🟡 Above Market,1.791759469228055,1,2,10.201520741852267,0.0,0.0,1.0,0.0,0.0,0.0,0.0,0.0,0.0,0.0,0.0,0.0,0.0
Henkel,2015,Chemicals,22075.98,23169.425629245387,15500.754229783615,34632.01054808459,-4.71934715492125,🟢 In Line,1.791759469228055,1,3,10.22436815460148,0.0,0.0,1.0,0.0,0.0,0.0,0.0,0.0,0.0,0.0,0.0,0.0,0.0
Henkel,2016,Chemicals,22480.02,21993.612467173367,14714.114494424033,32874.488610205575,2.2115854480596244,🟢 In Line,1.9459101490553132,1,4,10.002245418597756,0.0,0.0,1.0,0.0,0.0,0.0,0.0,0.0,0.0,0.0,0.0,0.0,0.0
Henkel,2017,Chemicals,24227.05,22593.610949777314,15115.52405743657,33771.32369411661,7.229650248707962,🟢 In Line,1.9459101490553132,1,5,10.020382193686947,0.0,0.0,1.0,0.0,0.0,0.0,0.0,0.0,0.0,0.0,0.0,0.0,0.0
Henkel,2018,Chemicals,21307.89,22485.75092139592,15043.363796845257,33610.1021903817,-5.238254775272583,🟢 In Line,1.791759469228055,1,6,10.09522505650163,0.0,0.0,1.0,0.0,0.0,0.0,0.0,0.0,0.0,0.0,0.0,0.0,0.0
Henkel,2019,Chemicals,19982.14,22585.928151286575,15110.38412979626,33759.83999302588,-11.528364625291054,🟢 In Line,1.9459101490553132,1,7,9.966832705643238,0.0,0.0,1.0,0.0,0.0,0.0,0.0,0.0,0.0,0.0,0.0,0.0,0.0
Henkel,2020,Chemicals,17261.27,20669.615709042115,13828.33732078025,30895.47236582556,-16.489642366941066,🟡 Below Market,1.791759469228055,1,8,9.902594153574094,0.0,0.0,1.0,0.0,0.0,0.0,0.0,0.0,0.0,0.0,0.0,0.0,0.0
Henkel,2021,Chemicals,22988.17,20537.776127498775,13740.134316356987,30698.407930490543,11.931154849917277,🟢 In Line,1.9459101490553132,1,9,9.756220542463529,0.0,0.0,1.0,0.0,0.0,0.0,0.0,0.0,0.0,0.0,0.0,0.0,0.0
Henkel,2022,Chemicals,37061.154,23222.811698026533,15536.470451010366,34711.80824901748,59.589435086146125,🔴 Significantly Overpaid,1.791759469228055,1,10,10.042735014762982,0.0,0.0,1.0,0.0,0.0,0.0,0.0,0.0,0.0,0.0,0.0,0.0,0.0
Henkel,2023,Chemicals,28865.03,29113.28182732588,19477.298818240146,43516.46430374405,-0.8527098689810794,🟢 In Line,1.6094379124341003,1,11,10.520324638048562,0.0,0.0,1.0,0.0,0.0,0.0,0.0,0.0,0.0,0.0,0.0,0.0,0.0
Henkel,2024,Chemicals,30073.27,25442.965041404663,17021.792179689648,38030.3356582246,18.198763198629567,🟡 Above Market,1.6094379124341003,1,12,10.27038610681547,0.0,0.0,1.0,0.0,0.0,0.0,0.0,0.0,0.0,0.0,0.0,0.0,0.0
Munich RE,2007,Insurance,20744.22,23325.65135352595,16545.466457976352,32884.29567387327,-11.066920766333652,🟢 In Line,2.302585092994046,1,-5,10.149571157215307,0.0,0.0,0.0,0.0,0.0,0.0,1.0,0.0,0.0,0.0,0.0,0.0,0.0
Munich RE,2008,Insurance,10626.41,18987.18403652408,13468.08334937431,26767.96306384481,-44.03377573231053,🔵 Significantly Underpaid,2.0794415416798357,1,-4,9.940022932638545,0.0,0.0,0.0,0.0,0.0,0.0,1.0,0.0,0.0,0.0,0.0,0.0,0.0
Munich RE,2009,Insurance,17738.6,13553.963681813415,9614.164598073463,19108.257364839566,30.87389354452447,🟡 Above Market,2.1972245773362196,1,-3,9.271097690870324,0.0,0.0,0.0,0.0,0.0,0.0,1.0,0.0,0.0,0.0,0.0,0.0,0.0
Munich RE,2010,Insurance,21320.46,18759.002320025545,13306.22836494408,26446.274510801446,13.654551752147581,🟢 In Line,2.1972245773362196,1,-2,9.783498335049293,0.0,0.0,0.0,0.0,0.0,0.0,1.0,0.0,0.0,0.0,0.0,0.0,0.0
Munich RE,2011,Insurance,19417.03,21297.113507750222,15106.573953868661,30024.481073409926,-8.827879454490596,🟢 In Line,2.1972245773362196,1,-1,9.967422454032013,0.0,0.0,0.0,0.0,0.0,0.0,1.0,0.0,0.0,0.0,0.0,0.0,0.0
Munich RE,2012,Insurance,23579.48,20453.43666109882,14508.132917600153,28835.07296394284,15.28370704003362,🟡 Above Market,2.1972245773362196,1,0,9.873905795031114,0.0,0.0,0.0,0.0,0.0,0.0,1.0,0.0,0.0,0.0,0.0,0.0,0.0
Munich RE,2013,Insurance,24732.36,23365.527227766957,16573.75141044081,32940.51232647264,5.849783567514524,🟢 In Line,2.1972245773362196,1,1,10.068132121261263,0.0,0.0,0.0,0.0,0.0,0.0,1.0,0.0,0.0,0.0,0.0,0.0,0.0
Munich RE,2014,Insurance,22641.06,25561.015586356352,18131.066078544492,36035.692273997964,-11.42347250050162,🟢 In Line,2.302585092994046,1,2,10.115867786613277,0.0,0.0,0.0,0.0,0.0,0.0,1.0,0.0,0.0,0.0,0.0,0.0,0.0
Munich RE,2015,Insurance,21461.87,24625.073690281934,17467.179140794593,34716.209719037106,-12.845458779399571,🟢 In Line,2.302585092994046,1,3,10.027520351009093,0.0,0.0,0.0,0.0,0.0,0.0,1.0,0.0,0.0,0.0,0.0,0.0,0.0
Munich RE,2016,Insurance,22637.81,24227.429368850164,17185.120102753644,34155.61429381986,-6.561238275217004,🟢 In Line,2.302585092994046,1,4,9.97403315125132,0.0,0.0,0.0,0.0,0.0,0.0,1.0,0.0,0.0,0.0,0.0,0.0,0.0
Munich RE,2017,Insurance,18650.37,26479.679797491655,18782.697523305193,37330.81690250753,-29.567237434016498,🟡 Below Market,2.3978952727983707,1,5,10.027376796189568,0.0,0.0,0.0,0.0,0.0,0.0,1.0,0.0,0.0,0.0,0.0,0.0,0.0
Munich RE,2018,Insurance,19333.2,20892.031102170215,14819.238897168207,29453.39950336137,-7.461366942002523,🟢 In Line,2.0794415416798357,1,6,9.833621264017259,0.0,0.0,0.0,0.0,0.0,0.0,1.0,0.0,0.0,0.0,0.0,0.0,0.0
Munich RE,2019,Insurance,22290.5,22814.17466452041,16182.663281605515,32163.220389988026,-2.295391668648907,🟢 In Line,2.1972245773362196,1,7,9.869579104284941,0.0,0.0,0.0,0.0,0.0,0.0,1.0,0.0,0.0,0.0,0.0,0.0,0.0
Munich RE,2020,Insurance,12829.57,26423.1492012386,18742.59896099804,37251.1205710469,-51.445719424698225,🔵 Significantly Underpaid,2.302585092994046,1,8,10.011915857712,0.0,0.0,0.0,0.0,0.0,0.0,1.0,0.0,0.0,0.0,0.0,0.0,0.0
Munich RE,2021,Insurance,17546.06,18394.12977438132,13047.415165094015,25931.880443412203,-4.6105457816356115,🟢 In Line,2.1972245773362196,1,9,9.459507941849282,0.0,0.0,0.0,0.0,0.0,0.0,1.0,0.0,0.0,0.0,0.0,0.0,0.0
Munich RE,2022,Insurance,31276.698,23614.467714774477,16750.33110870474,33291.466409421155,32.44718609698588,🟡 Above Market,2.302585092994046,1,10,9.772584702265293,0.0,0.0,0.0,0.0,0.0,0.0,1.0,0.0,0.0,0.0,0.0,0.0,0.0
Munich RE,2023,Insurance,38318.401000000005,34002.78084988763,24119.020794019285,47936.817808631,12.691962369679638,🟢 In Line,2.302585092994046,1,11,10.350628626427271,0.0,0.0,0.0,0.0,0.0,0.0,1.0,0.0,0.0,0.0,0.0,0.0,0.0
Munich RE,2024,Insurance,44845.462,39051.39667614726,27700.12995777091,55054.311466505715,14.837024580459563,🟢 In Line,2.302585092994046,1,12,10.553685503656768,0.0,0.0,0.0,0.0,0.0,0.0,1.0,0.0,0.0,0.0,0.0,0.0,0.0
RWE,2007,Energy,16896.0,17490.03454916182,13950.094804729324,21928.260188394437,-3.3964172425850867,🟢 In Line,2.0794415416798357,1,-5,9.800235922725653,0.0,0.0,0.0,0.0,1.0,0.0,0.0,0.0,0.0,0.0,0.0,0.0,0.0
RWE,2008,Energy,18260.0,15107.36374857622,12049.670682455515,18940.969047735427,20.868209066064875,🟡 Above Market,1.791759469228055,1,-4,9.734832186505988,0.0,0.0,0.0,0.0,1.0,0.0,0.0,0.0,0.0,0.0,0.0,0.0,0.0
RWE,2009,Energy,20520.0,16086.493988986236,12830.627383341605,20168.560829197344,27.560424378669484,🟡 Above Market,1.791759469228055,1,-3,9.81246815414896,0.0,0.0,0.0,0.0,1.0,0.0,0.0,0.0,0.0,0.0,0.0,0.0,0.0
RWE,2010,Energy,19434.0,17537.276266297824,13987.77491513351,21987.489840696893,10.815383785378325,🟢 In Line,1.791759469228055,1,-2,9.929155299284705,0.0,0.0,0.0,0.0,1.0,0.0,0.0,0.0,0.0,0.0,0.0,0.0,0.0
RWE,2011,Energy,17322.0,17244.840246062588,13754.52722227548,21620.846017201184,0.44743675694548624,🟢 In Line,1.791759469228055,1,-1,9.874779388399384,0.0,0.0,0.0,0.0,1.0,0.0,0.0,0.0,0.0,0.0,0.0,0.0,0.0
RWE,2012,Energy,18891.0,17461.64348169551,13927.45001911445,21892.664677552104,8.185692943524117,🟢 In Line,1.9459101490553132,1,0,9.75973264889099,0.0,0.0,0.0,0.0,1.0,0.0,0.0,0.0,0.0,0.0,0.0,0.0,0.0
RWE,2013,Energy,13160.0,17503.0837180396,13960.502854093453,21944.620680398613,-24.813248842336222,🟡 Below Market,1.791759469228055,1,1,9.846440897156853,0.0,0.0,0.0,0.0,1.0,0.0,0.0,0.0,0.0,0.0,0.0,0.0,0.0
RWE,2014,Energy,9347.0,12025.207837236028,9591.335506198639,15076.693275432584,-22.271613709186497,🟡 Below Market,1.3862943611198906,1,2,9.484937204879309,0.0,0.0,0.0,0.0,1.0,0.0,0.0,0.0,0.0,0.0,0.0,0.0,0.0
RWE,2015,Energy,10383.0,9940.858320039393,7928.853177227006,12463.424650481094,4.447721370993794,🟢 In Line,1.3862943611198906,1,3,9.142810715182584,0.0,0.0,0.0,0.0,1.0,0.0,0.0,0.0,0.0,0.0,0.0,0.0,0.0
RWE,2016,Energy,14616.0,11839.193372922713,9442.96990949683,14843.476264865692,23.45435655631819,🟡 Above Market,1.6094379124341003,1,4,9.247925132303454,0.0,0.0,0.0,0.0,1.0,0.0,0.0,0.0,0.0,0.0,0.0,0.0,0.0
RWE,2017,Energy,6934.0,11884.5354172169,9479.134836144984,14900.324188290993,-41.65527084925132,🔵 Significantly Underpaid,1.0986122886681098,1,5,9.589872098057842,0.0,0.0,0.0,0.0,1.0,0.0,0.0,0.0,0.0,0.0,0.0,0.0,0.0
RWE,2018,Energy,6580.0,6476.484135654958,5165.659761263414,8119.93989111112,1.5983342532278715,🟢 In Line,0.6931471805599453,1,6,8.844192126244968,0.0,0.0,0.0,0.0,1.0,0.0,0.0,0.0,0.0,0.0,0.0,0.0,0.0
RWE,2019,Energy,7271.0,6376.073358098791,5085.571876794813,7994.049136019608,14.035701781324192,🟢 In Line,0.6931471805599453,1,7,8.791790024319363,0.0,0.0,0.0,0.0,1.0,0.0,0.0,0.0,0.0,0.0,0.0,0.0,0.0
RWE,2020,Energy,8501.0,9254.124834361051,7381.112850936217,11602.42746309936,-8.138261022421691,🟢 In Line,1.3862943611198906,1,8,8.891649112650057,0.0,0.0,0.0,0.0,1.0,0.0,0.0,0.0,0.0,0.0,0.0,0.0,0.0
RWE,2021,Energy,12234.0,10332.575980823354,8241.288152084442,12954.543565193106,18.402226344191185,🟡 Above Market,1.3862943611198906,1,9,9.04793908261736,0.0,0.0,0.0,0.0,1.0,0.0,0.0,0.0,0.0,0.0,0.0,0.0,0.0
RWE,2022,Energy,12259.0,11563.31713568705,9222.9303405073,14497.594391797078,6.01629148582212,🟢 In Line,1.0986122886681098,1,10,9.411974239802511,0.0,0.0,0.0,0.0,1.0,0.0,0.0,0.0,0.0,0.0,0.0,0.0,0.0
RWE,2023,Energy,14176.0,13303.520941012983,10610.9211987078,16679.387784872444,6.558256741621539,🟢 In Line,1.3862943611198906,1,11,9.414015640094995,0.0,0.0,0.0,0.0,1.0,0.0,0.0,0.0,0.0,0.0,0.0,0.0,0.0
RWE,2024,Energy,11756.0,13048.126019983269,10407.217578169118,16359.184513495693,-9.902770850039088,🟢 In Line,1.0986122886681098,1,12,9.559305672844863,0.0,0.0,0.0,0.0,1.0,0.0,0.0,0.0,0.0,0.0,0.0,0.0,0.0
SAP,2007,Tech,24977.6,29956.84649485305,18362.133084066212,48873.00662769521,-16.62139736807259,🟡 Below Market,1.9459101490553132,1,-5,10.54563087050331,0.0,0.0,0.0,0.0,0.0,0.0,0.0,0.0,0.0,0.0,0.0,1.0,0.0
SAP,2008,Tech,25188.3,27521.890864798763,16869.620200891575,44900.505628091225,-8.479035384096697,🟢 In Line,2.302585092994046,1,-4,10.125734702202402,0.0,0.0,0.0,0.0,0.0,0.0,0.0,0.0,0.0,0.0,0.0,1.0,0.0
SAP,2009,Tech,34882.4,26869.28469126737,16469.603416350335,43835.813259695424,29.822585159242916,🟡 Above Market,2.1972245773362196,1,-3,10.134134879971244,0.0,0.0,0.0,0.0,0.0,0.0,0.0,0.0,0.0,0.0,0.0,1.0,0.0
SAP,2010,Tech,17176.0,33225.74001148112,20365.81053390322,54206.0330706101,-48.30513934658836,🔵 Significantly Underpaid,2.1972245773362196,1,-2,10.459737682995248,0.0,0.0,0.0,0.0,0.0,0.0,0.0,0.0,0.0,0.0,0.0,1.0,0.0
SAP,2011,Tech,23943.37,18517.30254262006,11350.232532116699,30209.99723879471,29.30268836344342,🟡 Above Market,1.791759469228055,1,-1,9.751268339558617,0.0,0.0,0.0,0.0,0.0,0.0,0.0,0.0,0.0,0.0,0.0,1.0,0.0
SAP,2012,Tech,32058.5,24554.886460225025,15050.986529047843,40059.995264156656,30.558534864046816,🟡 Above Market,1.9459101490553132,1,0,10.083446737793134,0.0,0.0,0.0,0.0,0.0,0.0,0.0,0.0,0.0,0.0,0.0,1.0,0.0
SAP,2013,Tech,33331.0,29752.375715619786,18236.802146421323,48539.4233932131,12.02802868108936,🟢 In Line,1.9459101490553132,1,1,10.375317637795124,0.0,0.0,0.0,0.0,0.0,0.0,0.0,0.0,0.0,0.0,0.0,1.0,0.0
SAP,2014,Tech,23655.9,32767.7670034577,20085.094694080723,53458.87439153219,-27.80740903857196,🟡 Below Market,2.0794415416798357,1,2,10.414243173852004,0.0,0.0,0.0,0.0,0.0,0.0,0.0,0.0,0.0,0.0,0.0,1.0,0.0
SAP,2015,Tech,11314.6,23942.601005506574,14675.684442197353,39061.08401054264,-52.742811871618514,🔵 Significantly Underpaid,1.791759469228055,1,3,10.071367834266024,0.0,0.0,0.0,0.0,0.0,0.0,0.0,0.0,0.0,0.0,0.0,1.0,0.0
SAP,2016,Tech,43288.1,17634.160552491234,10808.908172169173,28769.19790952693,145.4786541788889,🔴 Significantly Overpaid,2.0794415416798357,1,4,9.333849206139186,0.0,0.0,0.0,0.0,0.0,0.0,0.0,0.0,0.0,0.0,0.0,1.0,0.0
SAP,2017,Tech,43324.7,42324.540043778834,25942.945534647097,69050.24286949403,2.363073420730945,🟢 In Line,2.1972245773362196,1,5,10.67563304942894,0.0,0.0,0.0,0.0,0.0,0.0,0.0,0.0,0.0,0.0,0.0,1.0,0.0
SAP,2018,Tech,39961.5,43028.124223267034,26374.209430926217,70198.10315155599,-7.127022798750746,🟢 In Line,2.1972245773362196,1,6,10.676478190151293,0.0,0.0,0.0,0.0,0.0,0.0,0.0,0.0,0.0,0.0,0.0,1.0,0.0
SAP,2019,Tech,51279.8,45371.506498262075,27810.592169265976,74021.2070779567,13.022035100298556,🟢 In Line,2.3978952727983707,1,7,10.595671769595512,0.0,0.0,0.0,0.0,0.0,0.0,0.0,0.0,0.0,0.0,0.0,1.0,0.0
SAP,2020,Tech,32189.4,46764.294704234846,28664.30560670619,76293.46718494687,-31.16671553888523,🟡 Below Market,2.0794415416798357,1,8,10.84505219143094,0.0,0.0,0.0,0.0,0.0,0.0,0.0,0.0,0.0,0.0,0.0,1.0,0.0
SAP,2021,Tech,39824.3,35883.15937063789,21994.68318381296,58541.471848351575,10.983259831315266,🟢 In Line,2.0794415416798357,1,9,10.379392484790156,0.0,0.0,0.0,0.0,0.0,0.0,0.0,0.0,0.0,0.0,0.0,1.0,0.0
SAP,2022,Tech,35080.3,39154.699477059985,23999.982868287552,63878.816062182916,-10.405901543050017,🟢 In Line,1.9459101490553132,1,10,10.592232557724842,0.0,0.0,0.0,0.0,0.0,0.0,0.0,0.0,0.0,0.0,0.0,1.0,0.0
SAP,2023,Tech,50820.100000000006,39020.56131518007,23917.762505723214,63659.97676360353,30.239284846549836,🟡 Above Market,2.0794415416798357,1,11,10.465394998330966,0.0,0.0,0.0,0.0,0.0,0.0,0.0,0.0,0.0,0.0,0.0,1.0,0.0
SAP,2024,Tech,63819.2,49580.5247187368,30390.52169325293,80887.99712612462,28.7182827572664,🟡 Above Market,2.0794415416798357,1,12,10.83604722460146,0.0,0.0,0.0,0.0,0.0,0.0,0.0,0.0,0.0,0.0,0.0,1.0,0.0
Siemens,2007,Industrials,41656.77,28338.900460128112,19209.009920773176,41808.15578738189,46.99501153409139,🔴 Significantly Overpaid,2.4849066497880004,1,-5,10.321033064514632,0.0,0.0,0.0,0.0,0.0,1.0,0.0,0.0,0.0,0.0,0.0,0.0,0.0
Siemens,2008,Industrials,35963.68,37218.13528039055,25227.63827197791,54907.62071406732,-3.370548446180463,🟢 In Line,2.6390573296152584,1,-4,10.637219179403985,0.0,0.0,0.0,0.0,0.0,1.0,0.0,0.0,0.0,0.0,0.0,0.0,0.0
Siemens,2009,Industrials,27873.92,28653.258110558563,19422.091555125415,42271.92514359396,-2.719893519792722,🟢 In Line,2.1972245773362196,1,-3,10.490264819278403,0.0,0.0,0.0,0.0,0.0,1.0,0.0,0.0,0.0,0.0,0.0,0.0,0.0
Siemens,2010,Industrials,34570.7,24967.35611166633,16923.669706919438,36834.14306720313,38.46359961135964,🟡 Above Market,2.1972245773362196,1,-2,10.235446763617217,0.0,0.0,0.0,0.0,0.0,1.0,0.0,0.0,0.0,0.0,0.0,0.0,0.0
Siemens,2011,Industrials,39475.04,31474.694329725477,21334.550946450756,46434.36769005255,25.418342705615416,🟡 Above Market,2.3978952727983707,1,-1,10.450761781481276,0.0,0.0,0.0,0.0,0.0,1.0,0.0,0.0,0.0,0.0,0.0,0.0,0.0
Siemens,2012,Industrials,39607.08,33262.213559822914,22546.18845062368,49071.48067719901,19.075298247260932,🟡 Above Market,2.302585092994046,1,0,10.583423852422886,0.0,0.0,0.0,0.0,0.0,1.0,0.0,0.0,0.0,0.0,0.0,0.0,0.0
Siemens,2013,Industrials,34818.54,35274.408163582026,23910.11808369175,52040.05546671326,-1.2923481563970558,🟢 In Line,2.3978952727983707,1,1,10.586763169140712,0.0,0.0,0.0,0.0,0.0,1.0,0.0,0.0,0.0,0.0,0.0,0.0,0.0
Siemens,2014,Industrials,27469.24,31838.58624399214,21581.208483537357,46971.214554059654,-13.723430464242497,🟢 In Line,2.302585092994046,1,2,10.457905282517766,0.0,0.0,0.0,0.0,0.0,1.0,0.0,0.0,0.0,0.0,0.0,0.0,0.0
Siemens,2015,Industrials,27421.0,25489.938236842474,17277.89252657508,37605.10434468123,7.575780471552579,🟢 In Line,2.0794415416798357,1,3,10.220822112161272,0.0,0.0,0.0,0.0,0.0,1.0,0.0,0.0,0.0,0.0,0.0,0.0,0.0
Siemens,2016,Industrials,28902.0,24437.45469224284,16564.485636349764,36052.38369279189,18.26927298273144,🟡 Above Market,1.9459101490553132,1,4,10.219064422181425,0.0,0.0,0.0,0.0,0.0,1.0,0.0,0.0,0.0,0.0,0.0,0.0,0.0
Siemens,2017,Industrials,34006.0,28538.462376811232,19344.27934813745,42102.56790522871,19.158487065621955,🟡 Above Market,2.1972245773362196,1,5,10.271666075858276,0.0,0.0,0.0,0.0,0.0,1.0,0.0,0.0,0.0,0.0,0.0,0.0,0.0
Siemens,2018,Industrials,31724.0,30415.56712049266,20616.640768596873,44871.845692257986,4.301852647770548,🟢 In Line,2.0794415416798357,1,6,10.43429225861743,0.0,0.0,0.0,0.0,0.0,1.0,0.0,0.0,0.0,0.0,0.0,0.0,0.0
Siemens,2019,Industrials,33046.0,29637.482582843437,20089.230270651376,43723.943725787525,11.500698170396186,🟢 In Line,2.0794415416798357,1,7,10.36482877120321,0.0,0.0,0.0,0.0,0.0,1.0,0.0,0.0,0.0,0.0,0.0,0.0,0.0
Siemens,2020,Industrials,26552.0,30865.496965614428,20921.617557331356,45535.62363539694,-13.975141791560524,🟢 In Line,2.0794415416798357,1,8,10.405655809210936,0.0,0.0,0.0,0.0,0.0,1.0,0.0,0.0,0.0,0.0,0.0,0.0,0.0
Siemens,2021,Industrials,29919.63,25960.637691968597,17596.94761891861,38299.52352924475,15.249980971215477,🟡 Above Market,1.9459101490553132,1,9,10.18686035339981,0.0,0.0,0.0,0.0,0.0,1.0,0.0,0.0,0.0,0.0,0.0,0.0,0.0
Siemens,2022,Industrials,27197.6,24550.490852881412,16641.10514860527,36219.14504686185,10.78230640267587,🟢 In Line,1.6094379124341003,1,10,10.30627006570179,0.0,0.0,0.0,0.0,0.0,1.0,0.0,0.0,0.0,0.0,0.0,0.0,0.0
Siemens,2023,Industrials,30329.375,23551.36618287251,15963.866604177869,34745.14432077441,28.779684220853092,🟡 Above Market,1.6094379124341003,1,11,10.210884013097008,0.0,0.0,0.0,0.0,0.0,1.0,0.0,0.0,0.0,0.0,0.0,0.0,0.0
Siemens,2024,Industrials,28488.699,25556.438607307864,17322.968597109364,37703.21181544381,11.473665942850333,🟢 In Line,1.6094379124341003,1,12,10.319871993810233,0.0,0.0,0.0,0.0,0.0,1.0,0.0,0.0,0.0,0.0,0.0,0.0,0.0
Volkswagen,2007,Auto,15660.74,14111.819370611807,9321.3645168727,21364.19465071911,10.976051979618276,🟢 In Line,1.791759469228055,1,-5,9.548180244385653,1.0,0.0,0.0,0.0,0.0,0.0,0.0,0.0,0.0,0.0,0.0,0.0,0.0
Volkswagen,2008,Auto,17846.62,14179.941240084634,9366.361463067278,21467.32585167674,25.85820842155676,🟡 Above Market,1.6094379124341003,1,-4,9.658912222579055,1.0,0.0,0.0,0.0,0.0,0.0,0.0,0.0,0.0,0.0,0.0,0.0,0.0
Volkswagen,2009,Auto,18723.92,15589.569274651883,10297.471506239159,23601.392829484128,20.105435051656393,🟡 Above Market,1.6094379124341003,1,-3,9.789569413535427,1.0,0.0,0.0,0.0,0.0,0.0,0.0,0.0,0.0,0.0,0.0,0.0,0.0
Volkswagen,2010,Auto,36671.98,19934.337917985322,13167.347544358661,30179.033923857925,83.96387254433722,🔴 Significantly Overpaid,2.0794415416798357,1,-2,9.837557129819507,1.0,0.0,0.0,0.0,0.0,0.0,0.0,0.0,0.0,0.0,0.0,0.0,0.0
Volkswagen,2011,Auto,67351.0,30380.977668774947,20067.729028574086,45994.43229457371,121.68805999032155,🔴 Significantly Overpaid,2.0794415416798357,1,-1,10.509768254699045,1.0,0.0,0.0,0.0,0.0,0.0,0.0,0.0,0.0,0.0,0.0,0.0,0.0
Volkswagen,2012,Auto,56506.34,46841.02859324007,30940.18498933764,70913.66649646217,20.634285149226603,🟡 Above Market,2.1972245773362196,1,0,11.11767302953823,1.0,0.0,0.0,0.0,0.0,0.0,0.0,0.0,0.0,0.0,0.0,0.0,0.0
Volkswagen,2013,Auto,64082.63,42813.667373601966,28279.967976672153,64816.55550280184,49.67797418707476,🔴 Significantly Overpaid,2.1972245773362196,1,1,10.942108123228573,1.0,0.0,0.0,0.0,0.0,0.0,0.0,0.0,0.0,0.0,0.0,0.0,0.0
Volkswagen,2014,Auto,65555.3,46932.676425893005,31000.72168080907,71052.41417205894,39.67944083374883,🟡 Above Market,2.1972245773362196,1,2,11.067928623346964,1.0,0.0,0.0,0.0,0.0,0.0,0.0,0.0,0.0,0.0,0.0,0.0,0.0
Volkswagen,2015,Auto,49144.18,54673.348433636565,36113.71409481291,82771.18828315617,-10.113096402624697,🟢 In Line,2.4849066497880004,1,3,11.090649340233,1.0,0.0,0.0,0.0,0.0,0.0,0.0,0.0,0.0,0.0,0.0,0.0,0.0
Volkswagen,2016,Auto,44715.36,41289.27123982006,27273.04947396767,62508.73856781876,8.297769995213098,🟢 In Line,2.1972245773362196,1,4,10.802513705542575,1.0,0.0,0.0,0.0,0.0,0.0,0.0,0.0,0.0,0.0,0.0,0.0,0.0
Volkswagen,2017,Auto,50285.93,41457.36225076557,27384.07963555659,62763.21525736274,21.295536594519834,🟡 Above Market,2.302585092994046,1,5,10.708072345737474,1.0,0.0,0.0,0.0,0.0,0.0,0.0,0.0,0.0,0.0,0.0,0.0,0.0
Volkswagen,2018,Auto,50336.31,48881.087320337945,32287.717191365966,74002.15640693979,2.9770669177741027,🟢 In Line,2.4849066497880004,1,6,10.825480595288447,1.0,0.0,0.0,0.0,0.0,0.0,0.0,0.0,0.0,0.0,0.0,0.0,0.0
Volkswagen,2019,Auto,45394.27,43947.20555310151,29028.710735306926,66532.64395850322,3.292733698733129,🟢 In Line,2.1972245773362196,1,7,10.826481964453153,1.0,0.0,0.0,0.0,0.0,0.0,0.0,0.0,0.0,0.0,0.0,0.0,0.0
Volkswagen,2020,Auto,30788.12,41956.933100962306,27714.064159478818,63519.526587966575,-26.619708056559894,🟡 Below Market,2.1972245773362196,1,8,10.72314116461036,1.0,0.0,0.0,0.0,0.0,0.0,0.0,0.0,0.0,0.0,0.0,0.0,0.0
Volkswagen,2021,Auto,51597.29,33732.8342613907,22281.750926637804,51068.881931809556,52.95865624625639,🔴 Significantly Overpaid,2.1972245773362196,1,9,10.334884180269063,1.0,0.0,0.0,0.0,0.0,0.0,0.0,0.0,0.0,0.0,0.0,0.0,0.0
Volkswagen,2022,Auto,67821.98969,54764.53318613144,36173.94490517571,82909.23489148614,23.842906611637527,🟡 Above Market,2.5649493574615367,1,10,10.851224430710618,1.0,0.0,0.0,0.0,0.0,0.0,0.0,0.0,0.0,0.0,0.0,0.0,0.0
Volkswagen,2023,Auto,66719.79367,58659.67644357357,38746.82719586528,88806.17819546085,13.740473379834766,🟢 In Line,2.302585092994046,1,11,11.124641753055242,1.0,0.0,0.0,0.0,0.0,0.0,0.0,0.0,0.0,0.0,0.0,0.0,0.0
Volkswagen,2024,Auto,62143.764,56419.077278233985,37266.83081780608,85414.08569162387,10.146721637318509,🟢 In Line,2.1972245773362196,1,12,11.108256944551828,1.0,0.0,0.0,0.0,0.0,0.0,0.0,0.0,0.0,0.0,0.0,0.0,0.0
